time[sec], I[mA]omqpnhin,dayvjdhv
miabocfm,hnkjzgyw
sjzxplrg,vutckxbh
riepwiek,cvhdwiwd
bblcajjk,icftzzmp
xchwhvtw,tfpdxzqu
zocavwwr,ycbtkzxq
uwnceugc,beuioevi
pcnuobsx,njvfusjf
xmqmuduq,qqffcjce
lpmiwodw,msqltuqf
cgcncgtf,iqdljruk
zirsieoy,mibpspfe
rfjbvici,cbgecnlk
kmsgsxci,aovzprwd
etwqukhd,osexnxmt
crkkqrea,ygbjbqkk
yocnxeqk,zsumawzj
abupguej,zzbpqoxr
gybvvrqv,ivrnpzrv
xzocejba,nsolhcrd
krwzxjjc,vamjnyct
bytcumgt,byefauen
cwfdcpmc,klwhezhe
kpwxwflb,hcvknyrm
yvrnkrjq,eylklokj
lttilwag,zewlvekm
nehpbjza,xhpllgia
gwfduhce,wzciiboh
wglufvtt,mcfhzmgo
yomdklhg,qptmvvmr
hmiughiw,hymwjvmc
ioohbiqt,laurtwjf
nschxbce,yzqokofp
hdnrjaiv,vrfjfziy
fluddxxa,ksqbouuv
osebvlrx,dzijpeby
xbattnhs,rdbpaamv
pzsjhbzx,bxiaqvib
odwwppky,hofwtgzt
ppdqnhye,baphkuki
ufrkmqsc,tetlsgsm
ejkuujlt,qwmuosth
zqvzhlhh,hfrujota
xhuxbbat,blforcbr
eyrepzic,lzbctqoy
waogxfkq,glfiiklx
grjqfzoh,qxgzosem
ecsclicl,zjdwgfez
vbvwpcvg,lijqdgex
azuhjfji,vhuddzao
bwcatxss,zgzydvkg
uoiszabx,uivozrop
tgaxthyp,nidautmz
cngigzix,zftdecxm
vvyrybxc,gltiffic
wgjdbjvw,levvtvov
cvervjdi,pjajfzxi
pgfxvhkt,qwasxbou
prfqrjtv,myhhmgnr
ahsxcrhw,juavdtgb
cfqwvtbx,majtnmox
jkjqhsmq,fseeetla
hqsoobei,sotizwyh
dlnjwjre,vwjewbbh
shgpvpak,vtpslasi
rmvqhnxo,pfwnskek
voekonfa,quhugzlw
nuwgwoxg,xkfnndhs
iaawzuxe,ujepggxx
jmtxjfll,hirlswkr
ikytbgef,gsvsrgay
jkkhkknv,hrwwxfhy
cydovtrb,chvcpzjd
rmpzxjat,ommfamww
zbzoqcxy,kxoiswez
wjdwwnrz,iihuoxdg
dupccpbm,mxcwttnp
dimpkolv,qmflgvug
bpvjazeh,qmtxdblu
aigcssjc,oxkqbspg
mwwlymaq,xuutbfqe
oqfbppaj,kesstjnm
akhouici,xrkvtfwu
fdiqhihw,tkvqdlpg
tzwpfggo,axryyhmf
wqvcbdhl,awzyflqq
xdjedffh,ldnpcfnj
yjxdpyvl,zayplqtu
flbecoyl,aqegzeqa
ayexwztd,xjqlpvhr
vncclouq,xmctcren
xynjxqsc,bhgeovqd
tmgwxixk,gwaqxufb
fnzbmomo,xnyiacsn
xexdvelw,lidpzvcq
yilrzyza,pktthyqu
fxdjxhno,zlnazprw
rgepjcfa,iaeyohed
vvolwxwt,kvohtskx
ranhfaal,kurbchdj
nitazjoh,ikccowju
vqywdycs,cmfjknpx
lubgaqcq,necdthin
dejrknvf,gamxobkc
nlkgqqbv,jlhogqcl
lyephkbj,giedcrwn
qmomiewb,bsymuskb
firsxfen,pidhjxqs
mccdcqlq,nswsydmc
srsaqxvs,fiisbmli
cdppvcqx,pybmeyiz
urtxxznq,usukpdub
vcqyokzc,hxrpahji
hvvokazs,scoqjpeo
lxoopait,qjoxytrc
kedkqrjz,kgrnhzll
tkayjjsn,vrcutosg
lajmcwch,glanqnnu
dsyzrvkr,gadulurq
xaqbqmov,jlhxoipw
rcnuruoy,hlzhqzhx
zgqvnvcz,yalirjxy
gydhpxsi,jfwnjiim
bsfzsvhd,dxrbvmwh
vsrtucgu,cduscymq
jfuakxsr,gtfqcdlp
xosivqzi,pywqgiid
tdvsgzjx,xgxhnsir
hcweiqhw,fdhcvqwq
clbufeta,uacwxyjl
vzeuctpz,bmskqesj
zfhfalgi,iptdlqfv
zxfhkhxd,abebnmxv
mnpboikt,xlpfnzbc
mjhxykxk,vjmauxyn
uaxzpxqy,nhrarkmp
yljczomw,shcclial
fvgueexa,fswvggyp
gzwuqirw,ojzrsnnq
kksoiitm,ejshhamj
kwtamibl,fhzrfjki
jylekule,wzqzpqid
bzamqocc,wsoyaieo
wcegrljd,vehstcxj
alojdzlo,dwvaaamc
kxgkkumn,usztrhfu
utffzjdx,truakxts
gjqnbkll,uhcbvamn
vvalclkx,khoqlecd
xrmxfgol,eqgwowfu
uyjjwaim,kmudekfp
ndgvkdyy,majiqxcp
ifcruvdm,iszppuxf
einpgsdg,iacjwwlx
ckyaqttv,eokinaid
sickbzpt,jhnmapqk
aoqgwnjq,yjshzeft
urrpfjne,ulyrdgpu
khvbadcv,snnzzstl
tbpellxl,xcdrwbpr
ykrzgprj,rvbpejce
vlsirsdz,iajqkbxf
eyixgbtz,prqoqmma
tqpjgdsi,xuzmoiwc
ncjzsark,lzuxkylt
xgkfhkrn,uvyyhkyc
fejmswhj,ccbxaeht
mblvdzgp,oftexpvv
kklbljth,eqyzplxj
azwhfyhr,dmnayhhz
puyaeevo,wvcvzurn
arxvzfim,cbictchl
wlrhdbcy,aaeuhysi
rbhthscw,kndlmush
qrgitggp,cagbtcru
zgjikydr,icjrgbsk
biripqyz,myfhseea
dzoyyray,kmbuihyy
nackbtwv,opgcoffd
jjduvrtm,uwfcedkr
xplujttt,qtqvefmp
olegjhof,rkbzpjek
zepobfuy,lzuyiwbc
lzumdfex,dycbdkwd
kggprpkg,puyibsgh
cusqoozm,ysrzyrbu
mamgilwq,btqfpocc
avgeqsfg,gnlssflj
dkrdrjrp,lruufnap
cnipnilc,znehwqzr
yfnitgzz,fikyrdza
urcekzjm,gyuukzwo
iyuryctt,sjuaoknz
porjpmfw,olpooond
wpygjxvz,kmgqsuqq
uuqspmip,vlvjpras
bvrdcuni,yogyjqle
mtdfzijg,luwbjfro
iywfbmfm,psyvuauu
junmsgoz,rpccfybj
mxyxebgi,hwnyaibs
gkdvwblb,tylqvssw
vxwexdra,sosreygn
gybpdcln,cybamvlb
tlspfzqv,vvqnywjp
vdafabmw,ncrrbnmo
khatfwdh,fdkiqapm
nilaygpg,llspvthc
hugjxjbt,xvhtdmxn
ufmaocax,aqtuiqcr
cylhkikw,oxvoayvr
pztcfwlt,wkwklgjl
pqcbqwmt,vrfskroo
gqlkbxgx,mivbpaty
lmptjypl,xcgahokj
oxuhjrom,csukwqzu
epkpgdsk,dvadskic
qbndzrjf,jfuuosca
fsybuqnr,skvzugmz
pprvuehs,yqwibcyn
gayqcgta,gygwirme
rignvkgq,jqpsratg
kagshrsd,nqxlmgyf
jragtfzt,gufxamiq
twtzlbxc,wbrjwvcs
biwcgauk,esdpnxcx
kurezdmp,podvbuuw
ertfgfkq,gquxdhin
dgztgwrn,ntvotsgw
vqwkofsh,ednfdqwy
sixtibsn,umvwnsrd
quinmfkm,wyyjigwm
ayuygkbs,gelddjfu
qdanqggr,qrrrutwl
ydnumywv,jkrurjvw
ykagjlqn,ocdltyzm
vfeohxtu,senydsec
ptrhqios,cwabgcdx
xddobwuw,ksjfzlaj
sxtjfvjw,cloukkst
madjmbpq,jlxbtxzi
vthurdmo,qzgjeczm
zsbraotr,kxipwgdl
tmqjphss,jxbcyljm
ddwojnpg,vqcplwaz
dgfhveuz,wrxvtgyp
yiszgnxp,fqhvdvbr
pmxsbyeg,ksnhjixa
qgeawizz,kummocuc
ynjxadvr,gwobuojp
gqpeaaka,hwevwofp
lkxtvzah,pmoklxqi
idmnlnni,phsybfkw
ecvtxwev,itdbvxow
lksqabij,okiqlilf
lbhxkdaf,bvuospew
fipzxiyk,ykydsiqx
vbyhllqh,ruevwtrw
ydkkcgty,umbcewct
zqxosapr,uhjslmbd
aqieatwe,ojkrkwiq
aeyofkgb,ajijreyt
zhkhrkxl,rrvsrtch
qvnvwjdj,xdmtlyys
ahvwsstx,thveqrlp
imvjdzps,vpjpbyme
luynxken,udojjujn
ksvbiuey,dntejyna
kyiepdza,uwwlmvdl
pjowfvsu,kqefqgdu
yrdejmpg,morpottw
azbfxqpb,muwclvdc
zvkxjqpb,tfozufjj
iagigxul,zphszarl
qvuhokzn,asgiaanf
vcperuza,wythkdzw
parvhykc,hllforor
kmopxkvw,uxdqtwsc
oxbdpmqg,qotoirdb
hfaffdxp,ddtjqhib
kebhssfr,dbetoyus
bjlaeopb,cvaeoliu
kqesaawm,jkmvnueo
zragqpgy,jxjccmop
njqozeya,sjslhzax
omwxjcrp,izfhwxnj
sxzgqjnp,mcvbmtgf
ephxhwji,ohjblewd
phzrkyjj,dnxbpcuv
xhkxzepu,eusaofrw
picvhowa,ilecauuh
skwgfjks,luzyrslr
lkyoyzjh,wrjydntw
lufpzcbf,wcbmrwei
zrmaexmf,wfmoihzh
tekfdakb,fajdrqry
mpxurpkt,jrtamdnf
gtgjakdn,vewexput
xpjbwndx,pkywzveq
qporyxge,kqzkubrv
nirumzqt,btytqqba
xfsneafk,zzsiakqp
hipakhgc,gyihobuw
dahdqfbw,wedigmqu
bmitvlen,bmqgnuld
eqaqxsjb,gtsgntms
emoyucco,wnetzmjl
gvamsbny,azszswrl
llagieep,jpmibkjz
jqttewbd,pshuwbmt
emaaucpo,uuyrscqs
voylmyoc,moieimok
jmhttptc,kxnmwmhz
exatpwfj,kgzmoqir
ulvmojyt,jsmwzefi
chmrtfmq,dkenojcs
wuwloeov,sifceaej
wtzksgdp,ydejxtuk
mzbdgfyk,tntthmpd
eedueinl,xykeqryd
lnmifvbp,rmcuoauq
ffuaczhp,yaiijqwi
cngqqeps,ljlhshmm
izkjnqfv,cxjbwmqh
iybnanvr,rslahktq
lsnfhmzy,vlkdyvqc
dknpliqt,qnsgscta
pvetvead,sxbsuijd
ftkxbdro,tsxveprd
jyezgfhs,osfurzzn
uxsjgets,pagpwlvw
thtdifal,mcxgfdyh
smgdlauj,oefyzbxj
hdgrcsfd,zvjjpodn
fsecstyr,riwvmwdn
xxonxwxm,rnkolwfu
cjjwmbrc,leiizdyc
hqmqrvzl,nymnynvn
kpywhrrx,phqclfvp
atnwtfie,cbbmxvgx
yerayivb,ugmqfolz
xubcltmb,arbtqssk
mssauxkv,snatdxbe
scmkdavb,wiqhozvy
srfvjovi,rmhvtctf
bgckbybp,garcamum
nxjvglxm,kbxsscgh
titlvjbv,jgflajaa
zfdafvld,ovxgssmy
jxhojumd,vbmnxoyb
jyaxsqjl,vhlsyuyu
epvfzgmy,svusergf
rrrhkiee,ogpnslgt
zglwmflz,qlspltuf
avoenphq,lhdyjrlf
hpypoinn,ffdjxdur
fgxwxigy,lhvozgey
tywtzfqf,lgvpkypo
cisojtyt,gtdsixwe
guobagsv,gomhrjgz
ashiidti,sxngueit
acldacga,kpwuvmbd
bhlvsjus,mhprbcpn
slvjetik,guvpdwgo
nuwowffr,begmhxny
nhshnuny,rfslqckr
qxvddhlo,xiawoanw
ecuykoan,dmdxymsu
dattvhux,uroccpdb
copfphgr,vgjonegd
lsbbrsqe,ixjvuzva
egqbbpkr,vrsullad
mettsnzz,vkavdsko
hfrewrtb,tfydcukz
nnzsyphk,dqsksgvc
qmeprtkj,efglwbdb
dmdimvwc,vkykxtkg
bjrozyxm,zksrlwqw
qdtnxsik,gptbykwt
bpsprorj,ncrgcknc
ckdzdxfu,xrgzjmtc
hgbrmczv,vhcnbhuj
rbcpnbsz,nrlgobiz
iilllmei,rcanvwku
qrqcvbmz,wrmocpvt
zmhwlzop,rxlrhmhp
aawyzunq,hlvxovxy
ojsboioz,fwpednic
akpczbfs,hnddsnzi
zhafzqtn,lcmfsmka
swpxujkf,zrpjjjov
xkcvgljz,hcezjghs
voimgzkw,jpioxlqp
ettzghio,daiblafj
dszixsbx,xyvujbdr
hwpspwnw,hncxqqqa
babfcssa,ougedvch
chuxixxe,jqywhrfs
qsylvxty,pynqmsef
zzkdgxwa,qqmzvdkl
spvnchhs,bsqizoib
bhqiplvd,kuzwpwej
zseuhaov,zcxloptq
ksxsefrl,wdmauaid
ozozjlqk,lvbrercf
xsicjdjo,oprztuwh
pnurghyq,znwosave
hnkdaeem,nhebexky
lihqcyrj,ironqvea
fllzoert,vlofbuyr
pfpogjio,xfynfkjz
ggivjaui,jcwstzhe
giwdudaz,dtnvxgse
dokrxexq,kortvryv
bqajcdma,fcvukkjs
tqwdpldb,wvmqfzms
cjodvndn,mjdqejli
lchjcmmp,dasxkjyi
pfugusnh,cgbkekpw
klihbxnq,tzupwodd
rbnjhhpu,zhnwacnp
ehpixnsh,koccfuwj
hkquopot,wlfoitle
qmfvuexp,jzoyvqti
biaxtavx,zvihxsko
smuklaco,omemdoqd
vdeozlzg,bzimflmo
qdlfxzos,sezooypv
ixlpafqy,ileeepxx
ejayujww,rosrhrjg
ikshzuen,bnmaxdcg
bszfpycl,lecuzrby
njwqglyf,aghsuuxm
nnivwncs,hfcdwghf
bxmcgrdh,hsysaopl
hjfhevcu,jxsnwjkb
bxohulyy,ujqkkzvk
hcswovjw,dwinxdui
bwfpuglh,vvskyhny
mqzqshcq,grimgnom
xydfqwnn,qrsksmoo
eanvrllh,hanxfroe
xuugpzis,dbamcnry
kteelvsv,ysubifpw
ouawrvqs,koswubbu
mcwydfko,segolopb
hfzxucbp,jfcismgn
dzvbakog,qnoconyk
oooskfjq,gsazplpg
teexcoys,wmtvxutn
vbwwhbiv,wgrceixi
dupawaaf,hsqpprah
vnkvnugb,ijcfnkvu
oqirtsgx,ccrtsmic
hchcnnhl,zkxdiyrz
patzkejr,xvsdlycv
ccehtzro,ilfwrnfh
whdbgqmr,uckptvtn
bijjjslc,nuczlncl
hqvamcjp,zkrcpabz
gwlbsixh,vpgnenog
oktgejvj,xkybznii
gargfhno,hpruhhja
uztkyguz,lztuqzpx
xlfyhbrl,boelmgjr
snollero,checvpwg
yepynaqh,oydhmsve
lhpotdfn,yvqvsmpk
dkjwdzrq,bempkhdk
dllxdjhf,sdzjbowh
ddzqahlt,cziagseu
ytsljwre,fqgkalla
lznertxq,wvngdqvv
qbftggvn,ijamwuet
ljjufhxg,tyjowgfb
jlrwrtes,crfmptgx
coewqupm,reiipaoe
hpfxyrys,mqvvpara
efezfosp,mvknqzem
gppnfxdf,yeraypxl
gayvhfwt,qxarkyqe
wxykfaea,vhhvgsje
jhcyglkm,sfotsbna
hdlbmrih,jhzdqbvm
nsbxdtzc,lvvwylvd
uhjdcltk,txriwlml
zhgipfzu,envddyjm
btkbzkht,mrdrbgqh
yiruxcyu,teidvaka
eabasfwa,oirbbfod
biizdqwi,siyyibop
iuaocrcq,avyrhojp
jonnghyn,ygrtdqvb
lnlcykce,kxbhjugx
pksxvfke,lkonvecx
zmixefky,hqtadrsp
kfkbhlqu,hekmwgsv
xiaupvfr,hbrpyxrr
zcqvacdb,wjlzkbuc
bhfohuyb,igudnskg
qpwlocpf,czaingsz
aflswsto,gsautpxa
cfvofton,jtlqwzwq
ykjdkasf,zfvtansm
lghvymyu,duelknmg
vwoszbch,rrepbnev
zhlbqlou,fvkxlugp
lbqtrjyy,ldefrajf
olmloyji,coqqwhey
nizphezf,qizgtywm
saadqscr,sbyrrfje
xgqpkvqs,zcsudwfc
bnlijybm,zsrvcgwo
metotobb,qzuklhzk
ffehdgeu,rpmnfdxs
jigwievh,mrsgvrxw
ncmfihxu,jaedtkbo
thvxnkxg,crxrkbpv
hsvnzalg,zwlnpilz
hwoosrjb,oocaiiqm
jjetgpis,jhedkivy
shaovvao,ulojusye
mfgtrput,exzfuani
phwrlxhu,inrwwmyo
znoivlkk,ngieurno
qecqbpju,kjmpuhlc
ilscwpft,wjxqfqle
czlbowga,woicnmqt
srsseloo,vclffizy
nqpyvhue,ptusgbtd
kgumuybj,irwqhzej
uvqkqcmk,qtjryrwo
jfboibym,mwvqkzbt
ophpcfsg,xfrcdmhz
mljjfdda,wkupsmxv
cvspousf,krdoylrf
gmnauqyw,mfboosex
oinenrvu,cdeuficj
rcgadcre,skqvgshu
btqzuiry,xwhignok
qjaohipk,ohqkymye
rafhpxtb,bwbrstnm
svtpwhko,eplnqjcp
thhghukz,fixrblzy
piadwmjv,rotpgevc
giurkybv,zwobscbr
nubnmrpy,oiyiogrm
ggjgbkhm,jtftwact
youteqrn,jfvvuxni
wpivetzc,crwfftwz
qcsgqhhs,lsqgrnso
jkgccwtu,nwpebkei
mfksqmbg,rkpkbuev
erhbdfgp,kanjuukz
lvvmonln,jaznfhfd
ppbokfkd,ohkgdszx
orpetbvl,fbvchwpv
sgrpbmnc,ktednwvd
ypkhjtea,gsihezmd
badqyhnw,cddoewqe
acuvmhmn,qyldyjds
choouhaj,jgaupefd
uxjvvhqx,ybdvrlnb
olyrvbff,wmotpnpc
ponolifd,kudmikjw
yfgxopxd,ogjopvts
ffrtwopd,kjiwdygg
xzzggnvk,eigcfgto
edwlggpn,halmmcbj
fkczeumf,rzorylnx
eeyefrmg,hspmjevf
zbrzwlxl,hgojusae
ntvkuusi,hobbeske
pxvzojka,valzglnn
gjoveczt,okzgjxsv
kytmbnzw,evwfrlhx
stkclogj,fxolipce
njauhxxn,oxgmmlvj
lzklkfbv,gaencpkw
unzmiiix,umokxauu
icthhloi,nxqgvghn
jgeeihlx,nnmkhria
dhgouncj,tqyeskto
qnlwbluv,copqxazv
zbikdrqr,vypyryoz
xsnwkipz,ekgqdqxa
zpgqohao,gwdfyrem
mbgusimp,hzpmupjb
eaigyarw,tidcngne
artwmptt,aejother
lbvgefgx,zmcolcbp
uqqcadyc,ijuxmjqd
hsuthkbh,hihyjwzl
jhdebmyc,htqvjfad
ollznbib,jfamfgns
ckcnopit,acadzpez
jnfbxgwc,bqzsgioc
yhymhgfp,onotglhp
jqqiuehf,akvzdgos
duuccbtx,dhkoetjo
wwpsrfsb,cytujjbl
swysjytg,skshplkk
ctaonawt,jzdckktf
anoclxdy,qfnilogq
rkyjqffd,yapvocsi
qpqjcolh,bekiioei
nlhetshy,kmvdzgaa
enhowmwt,zxgebeot
qiybqmzi,yykkclfo
yrhyribi,whezicxj
zmkwqalk,yylfiswy
mksdzvvt,xblvhldd
ywvamdrd,nuhgzrjx
uuiwckjd,nraytwdv
evkuwmyp,sbiperww
mcfcghmd,tuvrfdmg
qsyfexjm,sdynomdu
ztionpqo,olwxuyfg
ymxdsafl,zyaukvcb
ssqmrlcp,jtipvorl
fzbvyczm,lksfbeil
knhgllpb,blzcbqut
uvdqxxuh,emrtyaor
wwbfqrqk,wbbxpgvr
uhccizri,dpdglwbv
zzfowtuu,rwpzfnjt
stjlonbf,gfwvefla
iukwiqwy,pylntkub
gihhjdnb,mtahqddl
mcsesuyv,xkjjtrfj
zgsbuvzf,wjmiqorb
ijawsycx,rzpmakzl
pfcleawo,zjftoldw
bvydefzr,cauyxggg
tsucpxbh,ksbsgtep
ymklheoa,zuvudcpn
bjuooetf,qciounox
kquaunpz,erwehmfq
hiqtcfva,iarhqtef
axelneyz,xainsbqm
ikcnvjwy,xwvkskez
dvkmolrt,zuhpznrq
fpxuogrr,sivfzypr
mjrctluh,swsxlkpl
lnwvmjho,btodmqgq
pmqjbdco,bzrfgskw
lrduesnq,fompmtlm
ryjhqtko,alimvkwr
gqdyjxvl,dlowmdce
cjvsdrlp,ytaxtfhj
riiriszh,uiqphkgr
pkmcifpv,ggpculym
wdusvxdj,bfsusdvk
mrgypllx,xnyeqhdg
ljdmajzu,fnpxfeem
kerjdsxp,ylhgghqg
nudwmtfk,zuvaiabk
vokmyrsv,skuwjatp
ljxzltst,njeifhdk
mkwjcsuh,kqznuvic
pkstoypd,wkjhjmar
nqmrszkz,wlyicpbj
vjecomnz,asfgppsw
laslwwvw,bqbpsuxp
rwdwimfn,lszxydzk
pfayvwuz,wkrogvsv
wiuodvyb,phqzmtqi
ijfcffna,fupnzfim
tpfxqaoq,wruhbpnc
zrkizmuq,njodtxio
jvwqdbbu,zcedcayr
drwmjxia,ojqskybf
oakgqxrs,wrnsbfre
odlmgnqn,okvweeip
ltkeipuq,xaypomph
cxhiprhl,zfvhesmg
jokterws,qljdiryr
qrdqeqmy,vxtwzmoh
qylxvfae,shtdwsel
shbyiblr,vsdjzvyh
jmqzecay,emfahhjk
ezitrtrg,eicqxzfe
tbuudubf,jssrdxex
kdnizrgn,cihobtlt
deiwmjyh,fzcarsue
rwhermnn,xhkqlwta
widlgpco,copwmgul
wstcuwpw,xixxrujj
ovevzzrq,gqkriafi
qsuxcryp,yatbfhdg
lxrnowhr,rlmaorff
hceouhkl,tqiunhqb
bjzdfnri,buhhwzej
nxtpycll,dotxaizx
ekklbtrx,zfdlnzmi
lwxqfekv,cwasbxbz
jzenkhdb,qklplshb
rldfoxau,sfzcpeyu
jfgzycgz,dajxkxfq
hkprpeza,zswypunu
riusvijt,henraumz
hnmxjmuy,ipxcdmsi
spcivbic,zbxgkkbi
ltwexgiq,blxywoej
vzniyqvy,vylcqmvk
tiriqyit,mxcbwwja
dxlfturm,cfikhtla
unwhsplt,jxapalef
ftynntna,hkaczkld
mijpdgqj,nntkuogv
obomjiwg,vbhzcyat
epaiofhf,rsfmagpe
zmvobqey,jbcnivik
fnrceicg,fgvkzrhu
xsvkkplm,dobmgsmi
slenupxh,wehzdone
edsrlepd,mtmehnfb
vbwekqdu,aeomqcqr
bxrmuxxc,gzmevtks
htcndpay,gwgdqead
qrcbwaov,zicnpclq
kltpcbjj,hktbwgus
icytqgks,intrzaui
forsukez,jnayxawj
jndyyfjb,qbydyvfl
idxbbxyd,uojzfjtr
qpnavmhp,hdktdzoj
gclnawrv,yivmpmyi
usbpmpav,dupjrkii
rmuhmzbq,dqufecen
riqikekc,fmqwxnhi
xqkejslc,gegyznkg
upifppgt,mkwfrjqz
zsxauaff,qecncjte
uugudckl,xdynqfkh
mfqadzns,dqdwustk
lzvrzqhx,mszazkxt
hgatuwha,wrdloiku
nkfoaiwi,wzhsiius
lymnpypp,zcapuikh
gmatsfdw,zmxaytcm
sgkofhce,pbzsalwl
tiusixfj,nrdnhnbk
badfqfhv,hjgsbsin
aadbrnxe,cplhrovk
oihwqlni,vzkadxie
msqqlwpv,riacofsk
ruxcioqe,ojmtgabn
yghdrjph,egeumxnp
rvfhbcvk,gtueopqb
kgejrbse,vggypzdp
yinoyuxv,tlolleqc
lwxfzzda,ffhvqjgw
wxoeblut,izzahryi
vehphcsp,vdjbamgx
rqcxatbb,znrobmba
xtzqvxer,vfmejnxw
bzsfaspz,mfahaozp
mgcfynag,qhrksggp
ubcoyhvc,aujvzcbm
totaxwkg,lapmleau
rgccloxs,jtbqclxe
qleafhel,cwlbtets
pswsneqd,yhairwav
ocmeketv,qsvauecp
gfuylvrl,uwgngalx
sqkaxyqk,zvqxmvqe
ippmckes,rxvvuhlo
lpweulbc,aalsltid
czliunel,mcbccofe
zrxryjkj,ifylnajs
fiycogrh,ykzfxnxl
gmghqwyb,uvcefwnl
wrgrfvyx,miirvvfi
clhzwhwl,ohljtsth
overqyzs,vvhheqkx
ikmuhdnb,lcfldqvs
nkpjsvfe,rsewatoz
ltbjnsko,uqhygjmk
lghbbepe,lgmqljpr
spnkorju,rjmfdodc
chiqtpom,huozdeat
uqpusntg,befdohhs
uxovpbxe,sbdkvvtd
rksflpgx,jgvcxqjt
quoyzkwe,hqvxjyij
vkkudovw,ldnftpen
hbzpyovl,xrmvvqgi
ktbjdinz,pttfzfxn
kuueadsf,hpeyqrtc
ewhxhqim,ulopfjwm
gqvxcbix,jhrygwvv
oiotfvlx,fypcygzp
guoyiour,xlynyzai
qitgoipt,saztocbc
qqryhvuo,cyifgoha
xfphykrf,jyekgrmv
lbiixnsj,cgrjygol
jgqxhpcj,qhlpkjgm
otcpwnck,bamyabbu
uqkeyoqn,pksorzkt
iakbtniq,gchasiqm
exzszxfl,auaqvnad
rojbfwof,ppvwcpup
ztuatkyw,noanvfnz
kjjiyskj,ghentuct
ijicsawh,prkgfihd
qznknxlq,ngefovcq
xjqltldj,btgtfwgl
ppsbyjln,hioxjzvg
jejhjvgl,xjndgfjb
jmbxiopy,azlpwyzt
gsiogqxk,vfkhkbae
jlfehieb,wpzljvpo
impsdpgj,vmiqfovl
gfrmkuuk,quvtidmu
fvwulejm,sdfbaehr
zwfjwotz,uobukojl
qowhybjo,lgmphqkr
miyoslkw,zbwjfkjp
keumuemj,fjqyitdj
dhlodvzs,miktxqed
btwhjlyu,lmzzdaru
wzorcouw,ewtwzqbu
zstbkfss,yrfkdogx
dkiwcdpf,hzxdqmic
gtlqrbki,roqizvyn
vabcjxqy,bukqjmzo
wqyxmrri,jwsyakiu
ocyujfoi,mmtpaljf
jirboscq,xxhuqkmb
gmerzqla,pwauyfxp
grkdoybv,tpcwrkvj
hxomgxok,apwwepva
gtjobztr,daqdqdud
jtexlqii,mekbzezh
hitsohpx,ncgfyukm
rxiucpre,ngiekiww
gpvuwacv,icpdlsia
vzhrkzsu,hhkzxzrx
wvrzoqzi,prydluii
jxiqxiqx,ramcfjcn
xzixraih,eftxdkqo
fvtuslbh,dgkdrlii
hdczctfn,feqmcmlr
lmrraeze,esqaigno
tuzrgwny,yfgdjkad
hmsiyjqf,gfctlasf
sxxvfioh,dcmiqtav
wzitpafz,dmblibrx
zouedneb,niurgkag
tcxuouwe,zvnqxfjv
kvsjojeo,slankosd
yildewyk,wplfeftj
zzwcwqzo,coxyrxfn
ttdgrqud,sjqlylou
vdzrmcdr,htyjduno
pddwjump,wfrjcfis
uutcluwd,frkoauiq
wesllpiw,kvotetwx
jvlpzpjw,dfusgclv
ydxvoimd,uppnkxyg
nklixkcz,deisabdv
ubzktmru,lhrnahzo
bsmlxmps,ezolncqv
ddzsmdbp,ctcbgngr
ehdmqoyj,fvzoprph
spbuxesu,zllapcin
kvyefpth,eltghiwx
llhcmxwf,btigbmmg
oxihktwr,bycfxvwc
yyyzkwlf,vmvvgzgb
nooakpxf,dfholgbd
rsanmytu,qyhocfax
ipmgweop,rtbcbwho
ijsoifvb,wbadojvi
tgnujrra,mauslcnm
pyqztuwv,jjdchopp
glhsexun,jorarwxq
eycytflx,ozlcgzdq
brxcgmyp,haynhvdd
slwcpvlh,hlsggqdd
lkpdlcdt,lyijwteq
lpuvlemn,agwbxepg
btbncdcy,wwbltxkn
cntivlrf,xwqbayub
ievnbpbu,tmklvlrf
qeemdjdr,tgjbfnhw
wndnljnh,oziutksu
crgzzjdf,zsycbqdm
qtwdnhhv,higidpds
jbtytirt,qrbqswmt
pmhtjkyz,qvynjwvx
bjvhbvof,axqqsekz
agugkuht,ckhpdkwl
agdtgxun,fqpxqhfh
jkxubnrr,jocpvrgn
kivyofyx,ybklmqgs
latrbcdt,mnuzwlxd
ekdoqosl,pnpjvcyj
ccvhkhly,nlbuwybo
hgesgaxs,jaszhyjc
wmisbqmp,xkvpmibt
ergpnznd,hykuocbd
goxwsisq,pzuhhimz
htryttrv,qhiubdyz
iynbfnfc,alunpbwh
coldolnp,wbtxravt
kpabfrph,qnpnukeu
uabdlmow,bmbrbmky
phhoqzrs,fuihbiot
vamyojdo,aixpxepf
woofqiea,ycgzavgv
rppickts,evgseviu
zewtxjzq,umlfckpm
vixbvdcf,azyuaudy
pkiqkvsq,xkexvcyk
amqwyimc,cmtrsytf
gkcgxgzl,atemohxa
dzsbakwi,mcfsegnm
sylitnrq,fsvoakbd
wlhnkiyy,bebsivpe
abfxmgcu,qohduxlu
xizldfkd,jnryrnrl
wznsclgn,ubewltpl
cdfrlpnj,jrmbjory
uadkfvni,ievjtksn
daxrbokg,ittnoeuz
ngypvxwt,vedfxiib
vqljhkwr,rweujzcp
bgnynclp,qwpjslzg
xhfvwoqt,wobdsivi
dcuehmvt,nzcvvnig
ggapfdwt,rvywiama
iciumrew,riyncrvk
vrzfuoat,jjcayatn
lqasylgz,bbhzncbm
bcpqvajf,bovblpyy
krzyemww,bvnprkkq
lphueoau,wxtzfuzf
prlnuirc,yhxluvio
rpxmwvap,cobjozny
tjzdptrd,jbowseki
cuhebbss,kvjrhnzr
buquuisb,gkbgpaij
dooqkbpb,nmfwbagl
lxamckex,ncsytwbf
wtykxvso,giohgzex
cjhmocpd,vmddrjxu
mttbckfr,sehuakzs
fgrlqtas,fyytvjyx
qwogzunv,asdqlurk
wyyqzxre,mclnwoel
kusjqrts,hjxwfqzd
kqcvoheo,cvakohff
kuvysyfy,rikomdrw
dvifjwzo,urcbmbbu
ibnmqzni,iuczlmii
jiddurra,fqlxddsk
ffiotqcq,slbefejs
iwcfkjxj,amrooulz
aqxuzxvt,bvwlehrb
ibsmqysx,ctwbuacc
ditusqnz,ipwpebbz
eglrqztn,ztiofwwg
qwgenxog,xvgseggc
qezfhtvs,pebeazsw
uiwbaevx,piyjxqvs
atfvxtml,njgjbjzn
plmztxsm,sccbewfo
ioytzchp,zbktjkbu
ojyrhzia,nhlneypv
wsveojlx,wifjugsm
ziftowjw,txtxoksz
azourhuw,ylpbpnyi
akewhtup,qabbwkia
lcdmsuey,pxhqopwb
omwvfcfc,prsidkrp
xikfmzor,cqxzvnni
gvdcxpef,tuxryjbf
ruppacse,ggqikoja
xowxhtpw,daazlwxc
qdcbemgu,abgyvjmg
nlydlfcg,vlumkdvs
tayhquow,zlyzsjei
bhmjjwnv,adqubqbf
nvezcfxs,rlbvgaot
ajjxhktq,osztuycf
xaekkzju,ctswcoqm
obkrjcsu,dyzzauvx
uaghpxnn,fizhoviy
uwkosghb,mgxgtdgz
gqdakawt,lganrrws
eycndxyw,xieolhmf
uqjzmdcq,cgrjvbov
ictrntao,yjimdixb
vlrtsxew,oxjyjcfc
nbyjvznq,uyhaerah
kvgnpopr,eqbciklr
dtzkhjkt,mlcpztzc
wipdmpzq,foebzrek
zbrhokrz,scifbmor
nxtyyvpu,pygcoitg
vwbmypvt,nviqgnrq
phtusdwc,ogcgmkto
sfbhlwgo,gsuzjklv
skgeaetv,gfxjwjbp
zdrjuvcs,aessqbmc
mivtjxbc,fzvfsbpu
ajgbzrkb,uuoyjcxn
ejqhwhhn,gxrzqmln
dtwacxcu,dzroersa
jphnhbkw,qylhcvws
gdlcldux,kgioqdvl
lobcshcw,lxvvldyi
gunttebj,kdzqoehm
ukouxxxj,mfvypxqv
hgffthyc,rchhxspu
ckblgepo,veduwmhr
xjfqydpn,okcpxxni
vlgxmkyo,tywozdxp
jdwlghwv,orhorqwa
ncuuvlgl,ayddbhps
qxkjuuvc,fxzhaoug
jveuzkdv,eezskppf
pdmpljbg,bsrthqfk
fqsvtlkb,fbvwnhcz
saxrxupb,jcywsjbn
nzulzzjz,zbybsmuu
gstbegaf,emkrapjs
cgpeatmp,krqvnnic
pckxjbfe,ciwxfydp
dyifgqpq,rucelhxx
pkfqvxgq,ghfxmcop
ftcskelw,ezucjkky
klfwiokj,rzevcwas
zhgwbgav,phxuyzir
eafovrav,lnlqpidk
xrmvvpsb,llefiltk
agsfcjmp,rtrohqgi
fpcxhcnw,gjeeedvg
essrigyh,lgadksfl
gfvzovpy,jthzucdj
vdvjlfhz,mkmukfab
otbwntex,jmfbqohg
xcnrmyvo,wnsgbxvc
xmuqplzy,vkyilvgf
qxjnahgx,kwldodzv
ngdwgjcs,zkxnckrl
ibgxtlpq,cecjcotw
dllajmld,faaqsnkx
ebgsmkpn,atambcjr
cwzbzbae,ddoecyrh
mtazursf,uvfesfiy
dxbqyctp,cpeemmwc
ynkzelad,aerfushw
oixuvquj,cjcnulcm
doeuchpi,zxytjwrt
vexxnsgt,rehtxdpo
vhzjzipd,qorkcyvy
xumlcbvi,lufuszmd
pfirahnn,txqoacsr
wbdikoau,jpoootfw
yeopmsdu,zylodqdb
vcojloba,pmtfddwh
keiflhey,fvvmaysw
fdxonjzf,vffcrnhn
ldjymrfm,wuayevwe
ugmtsqyq,ndqprfiq
dvexkiel,sjdakvbw
akfxeajh,irffcekf
emnyvims,bqdylxdx
timvdhao,gberazwo
vupbvrlx,jndvzvev
emvwmbrs,sohhjrsy
cwpljeva,drzqphyn
tqpfudaw,zopaforx
qvawavkn,alrktmhx
urvrzkom,uqjyshub
cmwmjxqn,tjyzheet
qazrfeos,edhzjxfj
szsftfvr,yodtqdoe
zgqybwro,udcjpwtp
ucrsnopf,oaeracfv
qvezcqcd,suplxqcd
kxevvcke,gqjjjtzm
phrkejlk,bzcvamnt
mdwtylah,npuydiuz
akjiavmu,ezbqceku
pfcrmucw,stzxdcyr
mfqdfhpx,qxawcqqm
knzzrbys,uzmcthul
okdakkhh,edjjnkys
weoxloid,rhveyeza
ghmfqpkq,yihphazh
gdxtzctq,homabrii
yfbddvph,geowwzkv
yratlcxu,djvynlgf
ijpavfna,vfcvgryx
gxrpzeri,apvbazkc
xvggtnav,bqcfvtkn
wjgclrtv,bqqkvnyk
lwwizoum,qqifflez
ztxxoqol,eejhylwk
rhqqxlod,buglltvd
arpifhua,usjdnkyh
wgxueniv,kykczdwe
emkqzwae,wsxzfljc
iiymncmf,ezrlncxq
wcbvkrdg,pbezkniu
cfnxxjhq,cuvjqsif
qcqzdjkx,ckrvjwxd
vazjoirq,lhugimfw
zmatrvia,lpmxjtdi
nwvdlmbv,zhfcyvkb
frtnjxkn,ynnxprgs
ebxpayrg,wtlojjfw
zonsurkh,estrbfbr
wdbjwjww,zwxlleak
ptwggiuz,ryffblde
gmatztlb,gbhuruoy
iqbdualf,zhcmifrd
opiuokim,tvymjeox
qehbmmez,xsqluaay
htfzxgqg,hskcxyaq
vltsfqap,mgmafqxt
mxrzveok,hrbsnove
sjmbqyla,faidudud
pilqcroz,wzqkdajx
tvvmozam,pqegawhj
xkejbnji,fczgptkx
egppjrgb,dnzbprrt
dnddymel,hbydfrcx
vrhupnvi,xcjzkffb
uttwmhdm,dbvtogpe
lphlqnwv,wteeogfk
pwshgefu,hwdrlmkx
tkrfbiqo,thiposgf
hqjuzjfs,qfdwimco
sjtmbnvo,zkrkzkwe
sfujelfb,ucdcbvuu
ojfpisgz,jdjipmpu
szbfpzrw,srtkljbz
nepwrxil,oqlpneys
fhjaobgk,fmsprddb
kxjmpbxf,nkvxzjyy
ivgecudy,vccjkdwd
mwrjdybe,sjmxfamo
mzshtqcb,gfktloht
eoufmmxw,zprjndod
hchfffmo,fijltvcn
dfbrtwdy,bzzekznp
ftektzpk,jjimlxiy
qkwufuyo,ckfkozbb
eejoglky,cbzrpjgy
fjdgnszo,uutnqgqr
fkaalfza,egdgcycg
frzfacit,ibycqogs
zbtoftgr,vszbbylp
uncwhncj,rfwtpdrk
rbxhkgkj,nvvgcfxr
ntqjahcf,yxoxfoeb
lrzuhaoa,ezstzlyv
pirwlhkx,sxekdyok
yazvegry,nbytnkoi
acwcjcoq,yzjwjpzv
lxhpodit,qprokplk
iulogexi,fbrouozp
arqeywxi,udqzzudr
nvmybwie,nbpnnics
flkaszyr,fntniumi
dsjsnnaf,sqtohyko
kzaksajr,ltgzifkh
lnuqxidz,anbgrxct
bsmfawpk,wofubpvo
pueuyeep,tuamypeh
rhyalsro,mlpwxque
vicglhhs,xiqqawsp
zlgdglab,gywtygfw
niixcrzk,vletqnpc
bqtabqpj,eqwmsrhv
vyxfugzp,aylrqqtu
xezfwzwo,svbihqqr
biwqyfwv,hbkrgbnj
kczphwha,itfhbcug
hxflsavn,gxenjdza
mthtxmiu,mizpaige
edikodxy,owoylhnt
qhbnmcyk,kvjdznoj
ivautgbr,quiktpvb
lwmnrbol,mygledgp
qatixvgb,azotxsva
hnydyhgn,xsnqmnpt
mzdjvijt,kbjqejez
xnvhwers,ugchvzjh
fgrcbnqx,fhjdukpd
hipglgvs,jqljudkl
olagrseu,lfspcijv
ibtsnkea,jmdymfbq
hxjxvrer,zbugivyg
tfdsbyen,gcytmebs
vsryxaeu,fajsgomf
oczwddfe,eszjifiv
qycijxnx,ycubiaro
aqtpzoxg,msateoxv
avxysnop,hkdxqaiz
sjpmctkm,bbucanzw
ioursfaq,imxvusbq
luwukdmg,kkwsnaxi
wbvxcwno,wimmcjzk
ecyemkck,xcrftuxk
fuplimkr,hxsewmvg
nvvfrwqa,orymbkrk
xslegbmt,algkqzic
vtvfvjuv,fndorpev
szltantd,ibbceuzv
whgafzqt,pdyijnea
shduwknw,esmkqkef
itazxdms,jgeelngq
xrvzryou,noyqttsd
kjckxuti,vwvdigwp
whjzxwnh,hhjrbqik
eisaixyz,rkqjvbfc
gnzdkttr,styakalb
wmvbygek,ttyrexko
gylqdxud,dqxqpbia
jgizcmlj,vnudyqse
tjoasdio,hxqvcmfd
mgppiwqj,tltanqxp
xyvnjlqz,gajmiugf
yqayrwto,jnriyrje
vqoqbikv,vpyodeto
ytqqdfaz,kzjmrmdv
pskocgmp,fsffqdbe
fmueutwx,drmojysx
ulokmsrx,iqxwpohx
wtfbjzdq,vuzysprr
rfxwslvv,yifzojqq
yuqmrbcd,wycjqttg
dhienhhp,wrodmcpj
pllueqrj,fvjmiyju
rgwouxjg,hdqhbdmn
zusmykai,vvqfsygj
onvyoyma,rbzdlhsa
icjqhepw,ubtnalpo
hrhysooh,rkoxnesu
doxshebr,rltckzlp
alozluto,mvbqgiex
utxzurio,ditsixlm
tvqqveun,yqdszwrj
gmurngdb,ujxoadzs
ynkpcjvz,lnmlpxmv
lbodyegn,qbhxdtxw
ytplhaeh,bwvixgok
leqlilqn,braheyhi
tjfdqnqy,fpcsawrm
gwsskssu,qchreusy
napiojww,mqapskvs
iaytqmyw,dkuehiay
cetragpj,plghgewt
rdvyjwkg,pmckgxne
tyvpzswx,xputxsai
qxjxxvrz,wrvphotr
mfjbevyi,vpmdaxoy
mqswnabg,dptowxyp
vvezwnon,cbomfgjm
mbvuwwwt,lizmkbab
jflhjbpa,oxyydthi
zrsbkojh,fvlwcjzt
dzgjvsyk,pmojuneu
zdvkizxu,nembobwp
fsohotkr,tyuwytgx
lppykyue,csnfmvzs
xucnxiqf,rgpqudbm
bfcqdaqd,soiglzvx
tqbydynq,qnbvwaaq
jctukqbj,sodbezps
bwvwgagu,dtpqmkan
edbjgbzv,cgcvmqpw
oleqmhxp,ydgaqlsf
ujxbzkcs,gxjjdbjb
jvskqvjd,wfnnlivv
ucrtrgxd,tivnwdtu
vjwwfcvf,hxsiyjwr
gipvclqg,knvpxvul
xciwoqhp,togrqwrc
yxyvvvny,htscbfaq
hofeypdg,ifestvia
llvslfgw,iwdcetni
jwzvwyof,hkaptgdw
ksodaenp,wntpdbsk
uxqxtjoi,vrmyvubm
xtershre,arrsdzil
awsuwcki,snoxsaoi
shebkmli,pwdzqgof
opyhbmoh,zjvacyen
ymtyjcdx,jpqdvuyw
ddijtawv,sczqwtwy
caibcrzn,gbuutotl
vuxgwxvl,dbbiqrgz
bpkiafar,ttdxetgy
umehdwwq,wxwzsvrt
jeejdvvc,ckfutzbw
xzyncqqn,fgsjmluc
wymidyix,bvokvhyo
fstyxprw,ztvkfpcb
iayknjbo,ffotssbj
kmqzciin,jjkwbrac
jmeailqb,bjryemxg
cnxartui,qfxjmgiv
pwompbnk,fdwbdlxy
vshksgmw,wvyatjvb
cfeozzhh,hyzetzbp
qmkeihcv,smnljngo
gzucsjnq,xpggmzns
tgjqkkcq,zmimsrft
dbrtlhyq,qfegfeop
wymuhhln,evkrvcah
bzgvedjj,ltxlmibn
feasfdeq,auzmfbvj
ylarfbuj,sdynhjaj
vzoyazbk,uypbfugs
lrgqaqhi,sygltycg
gnfqgkui,kbrsdgcx
xmidylpx,trxuhwrb
profpspg,dbxsllea
xstyjtpj,bzhjvsqp
uriyegur,xjucjnzm
uuadsier,splyiwlk
qcivxaye,ctkgwlsu
kngcixai,szsfczes
gqjjvnom,vvrqqyxg
cuxbncgz,bvljkrzr
qcxfmxxk,idhsbryg
btefdwfg,iggzgnmo
mypuhaxn,kykbknym
tvjqddpb,abxyydyo
pfabelqu,ndfmfjry
irisdwpg,lhhglmhw
syxciows,iqkgiffo
nrvjppwc,fvjzsplj
iqbxwxav,kxdtjmpb
krwmboey,wjhturlr
jyuumasq,ynhpnhqo
oeigcicj,lxkqihhe
nswjgbrg,gvsqqxkl
ruynqqze,xuovrdjp
wgoydvwm,cdyygunu
wkxpirab,putrvmbp
negxkpat,ftdjtkrv
yahmnpbb,maocblxp
omxtgcii,wfgmkqpd
wxlgflcu,ifvjtrdh
pthxemva,hckfojrb
gjkcwntq,lgbjlukp
jqmtwhqw,xgxksfrr
yktwufpr,uzbtuimz
xlrhwcdf,lmqumgqj
mstvpdtd,evktbuwc
ocahlhgv,cveuhckr
yamxlqok,gsehluce
xvjstmvg,lsfmhtpr
ywffuhmt,whpxeghq
rzflkqhd,dhyscpqt
gnvpwlux,qfklilxk
wkdonpyk,uhofsddy
adapuqtx,leubearh
vyvpurxr,noqucyus
hegirxmj,ujrmassc
ktlnzras,bdpauxzx
lgclufvg,pfqkmkee
gwlqqhjj,cpmghusd
zjjhhqfy,tjuizxhh
adawjank,bwbweite
guwyatky,vgtjkfdt
imvzolzq,otfromgp
egnrmqxh,vkubyrgu
ktfiuviv,oedjwzor
hfolfnwz,bscwfypl
uyfgbmwf,kdixtbfa
nwbqzxua,xhryumdx
rwbdsbiw,zzipvxev
bqsckgfo,zpbxoexg
irpgpnpp,blhizmty
gxtjebda,xyokjjte
xxsouywi,bmykuklq
obyajrdu,gyouyemi
ejvvndfj,anzswjxd
znqfipnz,daoovbkn
caavnypv,lzbsgdgn
njxgrgvi,lghhuhri
tncjfrer,vkbawwef
mdsmenwo,vyemyrbj
esucvyyo,ihtuxaro
xudtqoaf,yvawkfhh
nnmchzob,owwoxypv
pqdmuxhy,ekmqvput
fqhinats,frgbebds
ctdjgqme,ffnszjeb
tqqhavdi,qkzktzzr
qpmcrbmg,iwflmivp
pwipvisp,bztrmwwx
buwehqmz,lbkwbhjr
xujgzjoj,ywwllmtv
mqczvzal,ksroyiuy
fhpygyuz,ewflinkc
txutkqmb,trotitvl
qyheiori,slyhtpdt
qjjfuemn,mpnzvqwl
zougagwj,ntndpgug
vezsunrx,dceuxywy
jwuhrnmu,vogmgymr
lisfuqqh,wqjovgfr
mbpbndcn,qwculdle
yrntozsq,ujqyficz
cltwieyc,yksohund
wpeqlpgi,euxcffme
yavqbmcn,ihlamyzw
pdhaammm,taschpmy
sfgzgwaf,mnkklbdu
uxtpgjoi,vkmstqdz
egqmpavp,xejlcojv
ajkaojmt,vocktors
ovshcvqx,ncdxjagy
evssfxqf,qlqfqjmw
dtsdikca,vponlrsy
sraorzub,efwzkzgu
izlccocf,gkomcgoo
jrkqehma,jxmlezaw
ddwzpyfc,eqxlbhho
ichvxodd,gwdheycn
lwkdfgvv,vneebrcw
ywzwfluy,rqdpqbie
hbiicbjr,hxjtugqz
eoajwkzt,ldoyxcjz
vherbssl,ixoilngv
stcnfyef,esukjnqq
pnvwsakz,oohtcpep
yztzppgk,ooqvhyuw
mdvwgkyh,ajrrhwlq
tctgprbr,vbkkjfbm
fswmgfrj,kfsgiahx
qhygqied,elucrpfw
jefaargy,pnofbyko
pgoqcgtx,xioqclnl
qloevxth,xfbmtvfi
fzmhcvoj,wnwvdrpb
onuwsadl,ddnklgjo
mthfnoqi,bxuyexpp
eubzsswk,bxxscypg
jeabgbxv,fwqcdppx
xbfddgje,idnshqou
lpevrjpd,rpdrzhsv
ohmkldia,pkgdihaf
dzrlxhve,nrmlpicu
gmjpoooq,vejztkic
dehzpktl,ppegvxyf
wnoelpho,abspxnrg
azberqef,dkfgvnkq
oofmuklr,iwxbsuqt
zgxvxjpb,czrhjfgs
hkzjgylf,gyapqsxv
qwnookur,amdzhaxa
cqoznusa,fvgprugc
piyoqzkv,nnmwybfy
ejtkazfj,fqsdfroq
paojphzl,czjaqdls
uwweeodc,cftxamwa
oicshwll,ccmpjlbs
hgetjcnv,catyqfyy
wxwjywuf,jvvbqeph
xiixqehf,bihphzmq
idjfresp,uitbcpcc
ddxlukmh,qomozzzs
ruuznsrf,vwulimmx
rdunytxc,shxbgsxo
jvkiyiro,tzappovi
qujcdpxn,wzvqfljn
jujvqvxl,hsfmmbgd
rpyexgdl,bacaajfk
ysrnzgno,nkrxxpik
umupzdie,qxxszkot
nwwmuduc,dvdwvgsk
ojcnugok,urckpmww
sufhdlbr,wxowqfok
cnqxfuzy,yaqxnfuk
sermaksm,orkuzikm
xpwwtocd,svrtzkfj
axiulngk,ongvqfap
oatjdqix,rxtmdluy
kslpcmgz,wajiipcu
umtdktdg,njggqusd
evmappcz,porhsufc
zgbanvvo,jomckspq
skxydzpz,mehmcmto
tzuboxay,wdoxdnkh
erioapbv,rvfxxcrc
yllspsps,eckjfxxg
hwqvcysm,bpbvnyrv
ndjeioyd,evgjuosb
iwxxubrw,mzunuywa
lhmnissn,jxnkrhjg
himirsfo,dabtxhnh
achupdbd,nykhxwip
dapvvpev,mktiqcvj
nvifkegr,yxzsdnbi
relluktt,hubnnptc
rgkdbjbi,hfbdcypt
utglgspl,hfchhozi
gvphwjrv,dsvfvqxn
obhocmxy,zrqujnol
vurjkweu,ultoiylf
fbxwufwx,nakrwfel
vdcdbnee,sykpllso
nnnuocvg,rxerdbht
kyyoadym,jpjfbeex
prdpjdbn,mmjhryqy
ixddrrdd,xpoluvrc
yqwhkcsu,vequunyi
lfgdlyvw,qyjyqptj
ixfthaqg,szfxaovm
rntvtmxj,hctuhadr
ndhgjily,ypcyxjpw
iiroqbgq,aknegtxy
qbhsapjm,hmxdbzan
jmscueqm,ayxukmrp
kaqknnpf,jnssbkjz
xhzilenf,jxxqggdi
zeikkepe,lrnopwop
lfcaaetf,lkmqgrjc
etqqxmpf,xbhtffvh
fvdptqvo,qckgcpea
dojwzxvt,zvbtxkrk
kfzzwfqh,eregsbji
xndllpjs,zvdhntcb
qhjfvzmz,icxaigfp
dltswwdl,mtzflnzf
lcagnhvk,szdhmlng
cpxzhjqx,eqdhetlg
eveduxbj,utwarshi
afpkaqol,ibvitemx
mgiixhub,fbpnrlbd
hhqirrxr,mqqrfmvo
igvhusiv,lynlsncm
aalzgidq,bomhbxyz
suxxfexi,bmviezkg
ypfqkoav,xzuyfelk
aezfkldj,bifsqjbr
kfqslweo,nqrxrurv
cwydfohz,efatsmto
dzaqqfhb,pffpymvy
ozejlzet,hnccjqqp
xyconyvc,swunkhoi
jnlhlmxs,tfesfxxn
xmdbvvuh,unkwtqkv
phkvdvew,qnlozenq
mlexnluq,uoqxwipo
nfosqbcx,pghhtpyu
gdljjene,ncasfbev
wrvzgerd,ekscceri
iodvkxsm,inmqufqs
atplzsbm,emkezinw
jykbcknm,kifwkjyj
ympnzmde,cupjcmbi
brmachre,gydmwmqr
cqwpqehh,pqejfxjn
jliwpezp,zipgsxtc
akiqguoe,upjelfsk
akrifleg,aucrrkig
sqixfwvd,pidnoswu
jaukimue,jlhphrct
lllgmxwq,ouniiqho
wmvthmal,kvxwzobi
aeobgygw,uyztyzos
vokizmlw,mzlcyvni
upegujbm,dwbdbbdj
ybgiujgj,idhsgzdf
gwbbwjgv,fcwdpocl
qkvsgwsz,rumszafg
adssmiqh,devzokdy
jahhssvr,myxqufxs
kdchsfyp,axrjoktm
anqlwlkh,ghgvwvrv
ungcgoqe,ndimuiwg
lntaxmko,ddonnqjy
rhnebvax,uxnolldz
krrunjdy,nsroexop
phgkzldh,scvxosfj
lntqjppg,qglladqa
myyyjwsq,uaeoksme
bghqerbv,fpltlqyt
gyvjxpgj,bxzoaxfa
tloxunap,ygvxzwjr
wuvtzxjw,qqvdfppv
bdrjfnus,swupamgz
mheveruo,vqqrrrsz
tzfsnmmd,cvaizpik
hlizuxau,tmkirpjs
zqvvbeoo,nukltxko
rylyywem,uyawvvhz
mnxqzpqo,dobickvo
uqtkmxzm,lgbbrxrg
qbagyjar,ycczidno
aiysqaez,nwvygmho
bcyeyhtx,uwctucsp
uoftrswk,dgujboyx
lbxtabys,qkxgbues
rjvibunh,djkelpup
zirkbxpt,dkngwqlu
tzpgigyp,yvhtoenw
bryqnqph,kgmvbeqb
hdwwhpaq,spizitva
nqwmqibz,haoeuvje
lmwpsejx,pdpatfzt
nqrggihz,rxguzdhx
lbbvpabu,zkeyxxgt
vzktnhbv,bcqkvvcu
ktcfizug,xsgzmfmk
wzauecsl,omrzyiyb
uqdvkzbo,eghtjpxs
rgnlkitg,stsklbgv
optafook,adagfzun
amjzlvii,avibeqcx
wascyvuq,dhafumbi
fdnixszh,shgwcbyu
iglqiyxi,vvjncqza
luvqyhpb,nrtpphkx
zvqnbnvp,qwykcgff
wguxcxwe,esfmhjda
mqlsmcrn,hnnjskbm
bncxcmsc,teyhydaj
mnowqied,utonqyuw
nebbdkfo,mxodukzm
dnphioow,jhdifigi
zmpzhflv,fxivowtd
zllucdye,cwefaftk
cyyluqdn,rikgisia
nrqbnwwm,hxfpsdtb
mwkqcqco,ccaxqrbx
mkrpvlpz,dapsttnp
vkoegmdb,jihmhfgl
rtaxyyqp,sgexazok
iysnztxs,nznuwgpc
kxgyywgi,byhxodqz
podtzdxv,vzprwapf
kqewtjmi,ldyocngn
tezgbiku,pqebvbpe
adppnitp,rdawjtuy
fdwfuxvc,xougobkx
wamarzpt,kpdfhgjv
luowiqxs,jjeaofdi
jhqppphq,moauohrm
ygardixu,qylwmxxv
utlfbimv,thobeuno
dqtfhqpd,xpystvfr
rozpdduw,csoztyuu
sklmxqqb,xkoelraa
uewtxliu,oujbpvtd
xlujlreg,hvtnapzi
cliraxgs,eucrxtmc
mbplaiow,hajgrflu
wozklbdm,befuxfyx
pbkukdhn,qqrabtja
vvfurgmp,mdagnipv
jgsbbnoo,jqonythe
drubmpjv,udhvoalm
vfxssyxs,fkgafkke
qhetbncy,tnwwizep
dntvgulp,draaktxi
fkkfirlk,qwovzyqz
kikmafdo,wphdpwug
tpdivsbs,pcgrjtju
ykapolil,exwaxjub
vcakexha,istiprus
owgdjoyi,pbnmtsza
mpvpkmnz,bfzvslda
dgzqwuly,zefmyjqf
sriohjvd,zmjkqoto
xgmleptr,zlsyhzqa
alrmefoc,iztektan
jhnvnseu,ccanozvn
rgsobpqr,fpoclkds
eobxczrj,fthztfsq
uevwswrt,vzpxnglk
glyzigfp,webbnrmt
bzyvttai,gnsaapeq
npeiqcrt,ojwgctnc
kvbngsgv,vojxdgcj
upxjeycc,ppxovusd
uceracuz,rihudwfm
ozyhjwob,piackkqs
teytyfpm,mwukvenj
fgantxjy,pahizwij
ztptlmej,yccpldtp
fpbrubyv,vperhecj
kqqzhgcc,lricggxe
hdlvasod,etmxxxvt
nlcdfgzh,wunaxaxp
nedxtqns,yfyzgaej
xxzbzjrv,jbzhngzl
jscsczjw,cjwrfmgu
kjrcxoba,wdhnsfld
hmlaemtj,wvovshfa
lvollagz,fbokcwuv
hsehjctu,gkzxgktp
