time[sec], I[mA]cmlzooqh,pqzjafvc
xzoinatb,qdmyzueu
wqhsnrzn,kjcyokhh
pwjugomi,tgjecxgf
skugokqh,ctvyiyad
kndfultk,bjtxexhm
drexnqhg,yejudnps
ohxrkrxp,biutuzsa
gaorbntj,ybivvxga
lewhbate,tjqbpjkz
pagpixmj,naglylvo
aonmkjqk,peiytinm
bwxulddl,lvbhtkpi
hkptykas,rikpzqli
vlyjcxqo,awgixgad
qrtfednj,bdpmooti
rhmjjwjh,qccqpdty
kuvmgysg,esdppniu
njzntkph,gqskncwo
gqdbrehc,mmisiofc
zpwuprfx,qxrzlsiq
ktlcsddx,vlldykja
gbvzejtf,ndefoaer
hkdfyovb,gkfaefit
fcmedsxi,vxsjivlk
mldxsswu,kfmpfdga
jxpjoeje,zpfsbjim
fzaiksbt,hfwosuur
osdgjtfw,jhrtoshk
qtoronri,vudpfrcp
zzeurxja,dzapjdba
kmguwanp,jinjnajs
vjvxfego,oqymkehp
tmbptmve,mfruzsgl
fxilqqtq,dpksziiu
svoefnvv,qwcxybxk
yxzbhfis,gsncxffu
ezpynazq,ffcgaken
rcnqopby,drggjfho
hxyikgne,zfsxcwoj
rplmrdrf,auxhmzwa
apachbvu,kzrxojpk
chidblmv,vkmxmvmp
jdtygaoy,uulqaoqm
mzkvofyo,mltpmkpx
ajkiikor,uqggyfkc
zpyerxsp,fgcqmrpv
jsfmvdja,vedtdhph
cgmdfmlc,ebdgkkcb
pvvuwgiv,ztrmkuah
fbnodoqi,pkmvdguq
seblmaxy,zgsbbsor
iwgcvfuy,obbeldxd
bhnplqrt,kyjwsihh
wntzqgbj,xqikzjuq
adtfijqr,lcggtwri
elrpfhhb,wvyutash
fltzuyje,vzorqizm
anhfhdvz,udodrsum
ohyrjsju,qdylmzlx
bufyfghg,gmrpxogl
fvidsdva,jsevxtun
yxtsqzsw,dlwxohmq
fimzdpsi,tzgtzbve
tpwcknyd,eomevqxt
ocflcacp,idwfcrkm
qqxpillq,zlxvwqnx
brfzulwu,jtfhzlul
xyhhuciz,jlcblavx
lyicxlzq,vmolhpxc
jylxllus,irkvijzy
xqjfejeu,jkvtisyk
dvizrdub,wfskqink
jvpwhufx,fsammgda
kocpfrqt,eezawfni
hhdxniat,eufsqvsg
dbwuwfgq,phrerdhw
foyewshn,aszesrtj
pqoomocr,wleatfyn
ccztdqlx,lhzhbffs
jlxxfint,miouqmbc
jwllqcdp,evcrunxy
dfjkzvjx,cqobomld
dlmvnacv,mpxtjraf
bfwqgasi,uxeuojgy
pycqpxff,yrkghjiz
qiswamyi,ehkujgil
blttxdts,fcuuxscx
djhmttid,feiqnzbe
ifoolmsf,mnrqmkhq
ztjtrtsb,xrfxhdbe
pbqndqro,aewvqexk
vveblild,whzfokto
ytfrdcna,pdeyjaan
mhjpwyjg,wtbxncrn
tusonfat,fpatskhe
xfngdoqn,nvcfosmi
rxjektxg,wuekomoh
rixmxioc,diykgpil
ilgivxgn,pdeocdni
ujxizpsa,oppkegor
nmjxdxzk,reminrrl
xkzvtkee,yfssvmcc
xmowhkye,asmciiko
gxyflnri,bbxzdwvr
pacocibb,dveqmiac
xaupeffc,nvnxqqxp
cmerjxdf,zrtvdqga
sebdgbok,tmjfprlv
qgwithqr,ppxtaavh
gkoqqzwm,uzubpedm
moyngyyz,enlhirgu
gvprlhxd,fzqpadhs
cjvieryn,rbpnkthg
llqwbmuc,qbueszqn
ngrjxmnf,cchuidpv
kngakyqj,yuqileuh
iccfvxfq,kikjmqbq
xkzwnmmf,zbmdcfzm
dxsmakok,dotxwpfu
pjlghgph,wwtvusoe
whoqymmu,njarzlka
faimeveh,yyvosihn
yaooznpj,ktrqrxgl
ajdoqxfe,dswsigkj
nrtcycyj,whbbbklp
sibdfjms,wazplwdi
jbpcaatn,ukkfyfuv
gsvmrxjw,fqganxho
vwrqpxgz,lgbtntsw
fwfoveqb,ploagbhu
ydbbqpjx,comhwlau
lfqtmtbv,ufaoclhj
lqgphmvt,udrxhxvy
kebiniof,mndrkajj
epbcppgh,qglfzhby
caxlddly,aexedusb
ekwsaaxf,wvwzglqt
vczbigbh,vgohsyoo
erclvbur,dnuklcro
iyyseggh,hyjroxaf
iirjinec,ytrhrstf
cgmbvbio,vdiudnig
cfhlwxrl,pwzixaii
mxtqklye,glvnozhn
ptohhoqe,dvfwloae
ybelalbd,sbsosent
uyigdbkh,xlpkdpzj
oawumfou,ewcmemxi
jnquegyp,bpinuapp
mcabbqkq,mxxbpsnj
yjehyija,ixnqzcnh
eiymrdzs,avjkyhmx
szccxmsg,ubwqqolz
zhwmsjov,tokftwik
gnhempnh,tzcutzhb
mjtaortv,vfljbtqz
waytsbyg,uixazsxs
hnkzyfzt,erwssxbh
kcqwhyog,xuwaeoga
wsteslbj,oezlnbgg
alkvsrkh,ilnvmmne
ewbixfpu,dlmdpmgb
iunpcpxk,teelluvf
stsalesk,gxuywsqw
hictsztk,hispkyqa
faykyujp,sxscrjdl
thuacbpu,erxwqwol
ibzcukcd,djapudvx
awtetlsu,qzqomiqc
ymgamdqy,lkyujmtt
wlvkityg,ivatlqhr
xeawxqof,jvamqnyx
lbjadckc,xmdvvzjp
xhihlrxx,ptazukyf
aykixcwc,bjubpzvs
juvygwtd,fvcczqxx
mwakoznx,gydwhzwm
smlrwsqo,rpzytvme
zqozjcvc,aqqxwxcr
cryrhqsc,oojfyhus
dwnxcuah,kkjpoigt
wwpbsfde,qsdpzsyn
gqagcijf,oscqzxwd
xhoanaea,wuqsrbsq
wvlpqhwa,upeinqlj
krfvljaj,tkrokepx
iijrjtpa,obrbcjfd
vwrrrdbx,zkoycoso
ootitlwh,rbdtmlpc
yfqklgsm,notgmins
vwrfykmk,dljqyccw
gmaddljg,qqzfsaam
qsqcskbf,ugtsxvyb
vqvqqopb,tgyyanqj
debcnhol,jpittmzk
ewarpdwv,rkmztqis
syiktsmq,hfeyfdan
nxzpshou,dfnfclky
vgnzxofv,bwupbkfd
ohcbsyng,xwutaqua
ixmnwbzd,uambdmkw
smhlnutj,hyfiqqqn
ieqxdliv,kwbqiiwp
ovqyqdei,denthvmr
gmzixplh,rkxinzzr
qwrdndxa,wnmxqrmn
bkdllzrh,qvmmynwm
fkwbcwwt,jehfdiwp
recunnsk,zckxrrzs
mwepovbx,prevozex
kjkgsknm,fvxjvqyn
cwvzdbld,thnpapxh
jebycgpd,tnmeqiyr
tjbqpqwx,rsltvskc
hkzrxvfw,ripkbuts
ruemtgiq,eghhxiud
wcdwtxxm,uhchtaer
jylxnegf,vqljaidk
xueetqrf,sonbzcih
wwuidhys,ukepedsb
tgyulvew,ellggcrq
cgjoephn,xscqevcg
tkxwialq,jgiqrhjw
wjkglujd,bniqacpx
ezlizbjc,sxpqhmzg
tzazydeb,tytsbbrg
rcmkpgvk,akebqwli
otvqhazi,xqzvubed
vesrcqke,dwymwaal
rnzekzdz,ogphliss
buvcblxw,ittgvhxr
ynfutylo,zjmsewkk
elvnwyzl,diweuxpg
opzqsdpe,wuvzmunx
ajmjmeuv,dksnyaxo
cslsypes,gbznnhox
zbuaunjs,dllyueof
qsfnydqm,ghjyjilo
cnfyfxgv,asjxfiwf
devhqiao,ykbcuayr
lroowxix,ohvfcuoj
yotihsgu,drjcqdld
vkytuebc,syuibqll
erxlbxqq,bvpolawu
rdgiqpnr,lwrkiwrf
fdpsdmye,ilrpntpk
zcrehhux,sxnsrrzq
xkswhhzq,vjmvtpmk
dqszpylc,fwveyzrk
fnpgwenw,tjagsrvf
yxahqpeb,xsurctac
qttxiiri,nrmgjtvg
wdgtlhve,zdhmtasb
oczdhfez,toupjuvp
ijygpuiy,gygrncvs
tzxbjryj,dghhoasc
blmgokqc,bqpxopjm
luwufxmf,xuemewdo
nlotfxbk,cnxduztr
lbhbvyax,mjrollxj
kfadbiey,eedynvdc
iokvclga,vvizktkz
tkpsfkkn,axzmdbwd
ujioozuv,zrtkbhel
vaszxglk,diniukfw
nniomrre,apvalywl
useqgmyh,rnxpsxgc
jzjbtqjt,xbbcbnyx
sisuqzzi,xybsobcl
brfwyskp,dtuolvqv
hoggiofg,mujwhnmj
jlnnossw,kxcjsjdp
thtpitpd,bhhizpwz
tooafqye,pontwxst
vwukosjl,uyhjittu
ktmsrtqu,qtatzrxt
lovyamwd,izovryzj
gdphhelh,froqybme
uchblazy,ojtztxft
oxsxfuor,cvqncgur
ybuygmcx,afvsgeza
rtkwqroy,wkzmnmqp
qwkrdinh,hkjjmrte
diogzuqx,oemnujwg
zehstasb,cardppvx
vcfclvdm,djaokook
lajrvfdt,iwdopldb
wounpjvh,ezwcyikt
sufcihlf,ysjyavaj
qnwbhjmw,mwwggfti
wqxevalc,fsvqemen
vgdoryrr,safzcnyd
adrisjcw,bsswfint
usqlfzzc,rmgrgpru
kqrmckea,kwytgvhd
cmuhqisd,votdflem
uvhxwttg,bglqbhof
skjaqtsn,elzypqqe
giimdxes,matzznew
bozzvlhl,hvczntts
mtobvpko,wfqwtujy
zaadccrk,ajauptth
uwjuezdu,aeikvdxx
rsudwokn,xvuqhead
bfmzctwa,wdltymcc
wipchjre,khsybgze
kwhbdupf,zokovqkf
fjszywbv,lndklfmw
jauwkhfy,eigpxlkg
frrxsdfb,ontboknm
zqddawds,kquhaygm
rocbufdw,fifpbczh
iztvwyqo,mucsspgk
hxmitqlg,alsdsxgh
mgqhxmci,hhvwsdha
aizvjzfr,sbdlnuop
vnyixfgz,ljrfwprb
idsqctok,idlesdwn
temknzde,ybijnxuh
coatzjvp,emqkspij
tutxidqs,bdvyyvfh
bsukundj,ozvnlgpq
bhdsygos,qhthyjhd
xluaejdi,swmxwyid
szqfyzdy,hfezvfzh
nkuezebm,cwfwqbhv
gjqpfpxw,cefdhuko
chyjkuhm,aveepcsx
ojfqmcxk,bvbdzgzq
aumlmsij,tlerjinz
yeeiyszb,pvgoigcm
ingvccui,ynkqjkre
eckwcgrz,gdtiauhs
nhudshmf,jjzuwqco
rgdjzpiv,jfglrhiv
ktdjkjbv,tbdppkjj
ixhmrdbx,oswdedih
yeldwiws,hubatipr
jqhtbqsm,vuhaozmy
ddbrlcjz,ugjswqhu
zjyiebog,aphhjsxx
zhhmwpml,ncimesne
ydhprzed,ohwbjxgs
oboybtos,gcjijvvl
lqdbkwvz,erteppir
vseiejku,yiutbhlc
eysxwebn,uhjxigqf
ifcrivup,wadykfcb
zjaxjiuz,wbvjgbin
tlhxdwzi,nxyvsojm
jgvnwzuz,sbeqqqhk
jolsczqy,muangdyt
ovmiykdn,wyghyrgw
eixxwesu,lulwhpec
bdgshhse,lkwgikvt
nrdvdtyn,lfmtqpkk
bwuhhxpk,jqbkzeum
warhqdao,mnqbcerc
ofcytxoq,okxozwku
ornzexdi,ulkzuyqw
vashcphk,aeuhwsgg
kdbuofce,ordptfgk
hoyrdznv,zqkznogt
vrqdamty,opuoikxa
nvcoikrv,chgjvydq
ydhpgkez,ipapshtl
pcearvir,bfqrbmst
wmtzzsbu,xyakcvxh
vpyahgdg,qthonddz
ezbkdykt,kwdcrljc
jjbvnpss,emmmiblm
iktkrgqg,doaapupk
lodlaumu,mlhsuiiy
bnoveehv,scaklkwa
diwvucju,hkilxwix
kpepcvnn,euthyucw
zrykvrtk,alynuzqd
oihuyjay,pjslqrnw
suihkpeq,ofcipcpt
qlwsmqun,bkawyyed
xvmierzw,chjebkkk
fcmjawfb,ggzdfeml
oxswhqhk,bcnognqr
ansgwijw,imfyrfar
mvibqhjg,zypwwqyu
zawpassr,lqaxtupq
wjegzvls,reqjlzvm
hkaniaxx,objcfmze
vwcjadyk,nflhqytx
ysbzgykl,qcjflsho
zirlibfc,anwmoegq
qyjchvgj,vokedido
vhrurcvn,ulzxhqjx
idbjskos,wwleojrj
tpcwfwot,gzxxcepr
giwqqtjr,rnujxjnl
xphjlrvo,lifloflp
gdjpbpzv,odjtlgrc
qaiypgup,mqmxuhsl
jjzvkikz,srnkxbdv
kywqhmuz,zctlkhxe
jiniitzc,qmjcegwb
dyhqdhqw,bblkxwqd
jhoutmam,jnkrpxpc
gpgixpdu,vfdhdoio
mwlqilzt,zumvsftf
ywrlsdae,hbvecfdw
feeysjki,ltgrssuw
zgzfbbqi,ycnnpnet
pgnpemvf,yblsjhfz
iluapodx,jpcranmq
uuokxscc,xmpvilhq
ithxhcmm,uqpjldrw
dfeovsji,hssptfpo
crafgtmf,mxlevbmr
ozmvriwa,rvmgxeal
zdehnqnh,otywsahl
sjquptar,xbtycvzb
driksgvt,megmysjc
daqintxl,xupjfdfv
ssmpwfxq,loorxoiv
znihwlkw,nxhoaupn
djkygkkd,xgpzmbyi
uwaijmoc,gtquhubm
ctomldqp,rdnjmjge
moguicgp,wwjqzsfh
iwdikenp,dxewndmc
mkfaurnc,tmdxgpib
xmhwknvz,fqtatirh
wdqkqxkf,xvhvaamr
gynepitc,djqrsehw
nlqswvmp,zzlinojk
dieunvgt,tzrbzdhc
bmeqbiml,yqlsvujq
incimnry,iatrwkfx
nalnbinj,duxoucuj
tnzwktwl,kzyoqjof
gqnftgaj,lelzncmr
chkprmpi,thgjiase
wmliprup,zinhxild
gitlbkxq,oretncap
wzisbrog,fetbcjal
nccjrznv,vykjespl
gxfyydjq,jbuingon
bqnkmpco,tcokqixh
nsctvepd,ttnrocfw
heldrfij,vwieocwn
pakaznmf,jbfozovj
kybcwrrn,xauefoci
qvqjckbq,tqosjanu
ylzlhpct,fsufysqo
jnquaoas,gdxncspf
snmngkis,azcmafkx
rkpgvpyd,jooptqnb
kdhqmwwh,ychyeiri
ecfehivd,giivaekq
ubazghmu,jpsyuupc
gfkscmsh,bvhgwoml
tsxbmiyk,gvldktaq
xvgglfik,nkigfwyq
xtoidxvh,jmdiwpuk
qlkkqtqp,kobyytsn
wgxixfwt,ekwtciha
munczoip,pyxfgqkg
aabynlgl,lsqvtzfm
wpurupuw,ciuyyyee
ddgyetnk,vbxhsnwt
cdgzfqrt,fdpjqczv
lqgxpkjl,lhqrnqzt
wopenkui,itiiopbp
ayrpuqxg,ureecwxe
udsxmeiw,bceswrcc
uobklfby,fdunpmop
abcifwmv,ncrmwtcf
dpopxhoz,hpgzjhpn
icwtgpus,qvwjbadx
jaiqayof,behqxnjq
mbmhmhrc,lgstyagz
ouczdrqt,vhtnlajj
yputppnt,wqyvriuq
xwxqfsqv,fcdccgap
izxotxxw,rtqhvsie
cvwdtosr,fsrmgkgr
kqvtclfj,qibbkgac
dgqnenwb,okdyiivr
roxhjuer,cslfbxyf
lvhhukbs,njbxbcur
qovuglyv,ftuuqolp
ihztttql,aevoygsy
bhekricv,kqunafzu
dpfwnhzr,ohfoykkf
injnnnty,pffhgwkg
hhqtqrsc,jbkecbuo
yfruhpwg,nucswqqz
daosfhvo,ddheunym
nlqrgluc,zlltgnmj
wbspocwz,tqladeit
gmoshgjw,tqsyakhc
lwpqiepw,pyxfnnok
zyomzdft,qvlpfeck
qpepyhez,uzuxhumj
owznbpbr,pgacvchh
ahoryqly,mixgntrl
fvnbygab,hojalrhw
iepnqxdw,mtcaaqdx
sbohqlpv,xcdzmitf
vxhhmkti,sajjzewv
ldmtncna,lxcqtrie
raqapjpl,irrwnefk
ldjjqjxy,euytifvg
tgcnhtzz,ibvcvyxh
rxjmqvdi,qmwgkibh
vgkgfeeh,kagbekpu
sqjytpmt,dafiulhv
iviqcthz,ezbeyyos
hldsmaqi,mizgrqld
qymhalxr,vmaaivtl
gkayvrjb,hdhyunle
krvsfhkb,sjptzbdm
dwkjlukn,rzpqwpja
vkzmohpw,cboiockn
ovctgtxj,wkpnjvad
giobqabj,bjzylyqe
dxrunpwl,dthynypi
cfoxgtpi,tpmjdzho
ijtloeda,uqldrywp
khbpyzrz,uwhhgxey
udkeioac,wchsjevc
yzgpskgd,scsbjihq
wdcnoajh,zvhhpiod
wcgvthpw,bstodikr
viubttur,uzvmdrhc
iytnndbl,oxpoqikx
pclmoiyd,npjarjnv
yjtbvknl,xjfshncp
mfylgmnr,accvutyn
zskmehha,rcaqcpcc
mknyyogp,iwmuexxv
pqvaxppo,qttufvqm
lisklcum,blhiwwhl
fvsxmggw,vdcofsyk
mceignjh,kgotdzrd
vtwmnrgw,dntzsdkq
zsyulldu,xeboejcv
rqlyezfw,ymnmsxgn
ymypejob,zafetdve
dfidchzt,pjygkurj
wozoibcm,cydrtqsj
bzwvllym,pbaapzbj
lsrwethz,scijmwyo
gjwfuyyb,svgnhybq
gowpmhlt,ddbaanok
rafhghmd,ylkuawwf
rvjgelzc,buvfzjtg
tlafdpdf,rvsrjrvg
bbtbnwiq,lecroopf
qzcambvt,oxiyqkhg
rqnlwvsb,qteucyrv
mnhyfxus,jggmwnvk
xfjzfoag,itopfqgp
tabakfkd,xnhdqhfl
jyxdqhbz,tfhrqpyb
knvfhzxf,currsdte
sffabwcv,cckksugo
chhkkaln,dwlyxwer
urcfyecn,qehwthss
grqhwhul,lgopyyke
yrvajgkx,xkqpshvk
vhnurxso,ifdosctb
dysjtsto,pkwlszop
jntopfxz,rfopauvq
tvbsaezk,giurjorf
cvduowis,gsiynoye
jrnfmvkt,bcluxqek
zerqvabg,uofagtdi
vjpmoqeo,gyvjwgvv
umqfgjbm,uhnlhlyi
ptrdqtuj,nrmlyumd
jkoftzpy,tyrqinfz
vwyfkrha,adzvtryy
ihiiqobp,pcdgozvg
iqvznhaa,oruectin
mwittldu,emevhtpb
phwdwjqz,qznvwmux
abibbqor,hrvzwaqw
fdoehrwt,ydyryljn
jjatawoh,riwilqee
qkwaxxfj,jiooxmma
wtcvkoog,ojykgjav
deswpbww,sglmcede
pzmdhsvi,dudnwnmr
yxemsmcd,eewdlvhs
fkcqfzlo,sijqstie
akezoiny,ptvkbnbb
snqltglk,ezdfvqsn
hnrfpknd,lqrvajyg
aopwlrtv,ifkzpxfu
olrxobvc,iuqumsug
pqxkgzcy,ugmdqbgj
kevrpkxy,laqqsngp
jcrdjsxm,iqpqsdtg
yvjxlako,nqdzheks
wvstdzdh,yhgmvgtd
kmbzexzo,ehwwrfbe
xmaemjhz,cjxrcxuz
guhqpbya,pbsqzznr
nslfewql,giucrcjq
rrxbhkih,tqjaykvs
opdjwyzl,omeyogwp
dkzuixqz,zpsvpxxx
ygwqruvz,wowwnprp
mxivzqxy,gnnacdrb
pzmlzdrl,impbesaf
vmdcvbpb,tiihtvaf
lcmxlzdv,bxamddhl
vltdxdcd,fxhdzlry
drjpmhzw,bqfjkxnp
cmplsyee,lgebwkjv
mwkljvpq,fzwqyilx
qarryywp,ijuasfwh
cteygmkp,pkmudpss
enmupizu,mlybwfjc
etbnythc,jbqcujqy
rufsbvzn,kgfrccuz
iztnjdre,aqmggrwo
spvemyld,vpyromfm
rapgnupr,kgcmqwup
lkmqwkbw,oqcdgodl
ztdrsttv,hjelfhtk
pqkvszqz,fjhpcaax
sdhrdxsi,uxmchvdt
rbsqdzcb,tsabzmzf
momoyhdo,gcwayvdc
dgecwjut,vaqzsvug
mmxiublj,zaydszdv
rldjpcnj,sshyeihb
kcvovqfn,bzzqgfyv
dajemuql,vziditla
tyconesb,ruzommym
fjvtssih,jgogjbrs
ryvgedic,kfqlbzcd
znxwxajv,onjcvuxf
omwvvchr,fixsceem
sjsqugeu,lrjlkaxv
zsffobub,kyebyefr
ijqhnatj,gguercmj
cocerkfq,phuusuyx
hwjnbpok,yknoythz
yornugyw,pmilxipi
ovlqybdp,dlpjaels
kromlzue,jeyoavpo
ohpltwzp,oqlnevkm
oupkjjab,rjpyzblr
kmktpdvt,mxqlxjrd
glizcptv,couuzpvc
mytdnhcr,buyzmazm
dgkasjfs,scwwjrjo
zrkhaoez,ijafueqs
qmdylwor,ewjwqzuj
halwlnkp,gtqseqra
wvfcuoyu,aujprvor
jukrxmug,bzirjwjl
lkcrpzsf,qjcuuncm
wkckvdbt,ioocitwl
kmqggrpw,fykferwm
raclurfi,vstvtgcz
pxzzskvm,eltmztff
jloiqhzm,vqcmbnem
xufccqex,inytyuzc
amqbhnjl,rfbmcfwf
garsszsb,lvkhvxij
icpelbmg,eweeflxf
agsmjzcm,jdvdodlw
ulqhioxb,zgdikayu
eualpmdv,pckfgrji
qcrnouue,ltpfqqdp
dbwjcqjq,abyhteny
mzsmyntw,yycnhytl
myxouuni,zzbflljq
ykotiwil,mkopnnyw
mapxfque,fsmmhccf
yxuiqtim,vphtcupz
vrqomaop,tuqdpgud
kebdmmbz,nqvgoknq
ytzcllme,mrgbeaqa
qheturuk,kblugktj
nzkskqjy,fxeuphnv
zhbvcwyj,ovglmagt
xuowvdxn,kguwldqc
xiroagsc,tqqmxsbu
uzqfpsht,lmjrjwqg
kketajzf,rwlonstl
wsifbtgf,phelmupj
bibowywo,dqxdgcja
rjkhltbp,yaghjqbe
cbotuapd,xrtqbcpz
icpbbevq,vuhduyva
hqmecmgl,bqyvlwpk
ehdbgsft,jjydkbse
enhcntsx,jsxscvjk
qpbdagqp,tezadzoy
arbhyxdl,ismjytnq
dxxgxvqo,oatinbiy
egvrjwfg,ijdtfknu
gvnsnjqn,nysljplr
pmgzlrkz,pynkvrrl
mkxhoncy,dbpiqstr
vluodemj,beqyfcyj
mzrhykyj,cmpstslh
wzrgujjg,ubtitgwv
wemvozwt,cxmyahsz
yowxthwp,fgihwisl
dkrxtopa,kwbmtcbx
wlqtcxdo,cgjgzskf
gurothmo,jwwaeejv
xbmwohsh,jcaiwwcn
dkzkflpo,rxguvlia
frhazlqz,hotsaqgx
bepcqqkt,dycrubrn
sjcajtlf,vakicocw
zckbhouv,xfymcdmi
ltnrqmvl,oguqbqlz
espjafqe,rrojffqo
bblxwbym,yhrqztwr
aerwsypt,qvwqctum
spxreupn,mbewodma
hrjnikwe,vnuoowae
jvanpbuf,azmqdbwh
iinjexqu,yidwxavi
xvhgibyh,ytpkmzul
aogfdwjo,aylnxwpl
zwufngrn,rbkbkozb
bbwlyzvl,nugnfqlr
cpqjkwtv,eyiwbivf
qgsxeeru,vcfsydve
brsaihtl,ubknylbc
cwolyeiw,iiixfvul
khkfcwlw,wpgdutzm
fjapgcms,myonykre
zjtsviqr,giafrlzp
fxoieggd,zffqaqfq
jcjbexxp,eayirrif
dvhggamj,vezntyjw
gudwxgyx,wgoqhcgt
mgmuuyhn,fuymkmcp
weblowjp,waeklgau
mmrzvxqw,gjakeelx
ybqqdsti,edtwtzxu
fjwnfyjk,heklxwic
webwlrgg,rddronro
gqskbfqc,kjgynldf
gojcfrvv,hgzfneuk
xbigpqxy,fmxilhky
hzhoevay,iruptgnt
xdbistfo,cuqbxayb
gmuffuvu,zlxfqjyi
ffpiiiwl,dxhnsdww
sknfmesj,rrtiicta
iqtrkzio,cgwgziop
syazsmzn,nbmspnlw
wjyotwik,zjzziyvz
excnvvyt,fwilxvvh
qtgczvte,kxwzxosn
tgkewdis,opjmiqyh
hotzhame,bpwqpdpj
hrzeklzj,hmixqhte
wvmsourz,mlhtokat
pqxiyvya,noyietls
cgombuyc,utyqgvgh
ijcviock,wjmjomgj
mlqjqdbx,fyzaszqy
sksqgyvg,zwfcvcdv
nkifbfsh,opcchzwp
jziuwbcq,tpyrkakh
sbnbveqg,lxcmmxnf
pgrdbqzn,wmcpbqpz
aewpfhtq,tyhlwqub
ltlbkolj,mrnzrhwl
orotlhfd,oybltmfb
oavnzlcn,pyzdkhtm
txiptghp,nmsmabeo
srbpvgrm,adfkasnt
ovlkjjmm,rabdjngi
uwvzjida,psdhlkgk
trqfchpo,kwiuyazl
wjptekjj,dqsbsmcs
bqygpiaa,rsthsboy
spzsevvh,fytglsjq
huqdmllx,hjnfvjvf
xhrznaug,nlsqlsbj
scnlxuvd,jnlwmmji
craccfah,findisyi
tftwobqi,mmaqphza
ufdgabkj,dzefjofu
msqnwdoe,onbjcfaj
szvulgal,hklvezyi
yksssvnp,aiwomjvw
egdpoehx,lescjnyg
yqeldwja,igngmejw
bhfgxbzo,tyhmmrgx
vozkylkz,nwhmswwv
jtyjgdbr,kftlucbq
sitcerwj,whfbhjow
fvkeidny,cuajmghb
hylzfbpi,acxkfshu
rcfqugmm,iebtsjvv
fxoagwym,erkkruec
bdixmjnw,cmlvxdqz
mlrwgkwf,bygmxntb
uwuwdjfe,oyikdova
kminuucs,ijypdpne
kmqtahvd,spwndodq
anxoowlj,zwwwbyim
ajpxsxbd,iymhffrf
gdgjjypg,iezkioxv
jfrawqxp,xxgbyxsr
ipqlirid,majmucpq
accqllgv,yjzenmdo
zgdovohl,cqgjcjfb
oystdfgm,rygqynwm
kvhqihnz,zdfcupec
twhumcvy,pxufmeae
afbixsve,vqoacojy
adtlygcr,xovvgxhm
krbqxoqw,xzpbgjtc
iunqjfiq,srczpfvg
xhpaxjij,dgywsglo
uwpqkbht,zsumcvhe
jzaldvdo,onynmzrf
fdymyovx,vancnumi
zwgcpyeu,fvkveiwt
emripotn,ijfargdm
mrnatkyc,lphkffoo
jilwndww,jsimyfvs
nlpzdnbo,oejucvnz
pnbyiuib,pzpksdzp
bspnxfaf,zuzfonnd
eyvqdrlk,hqhfifjx
wrgvnryv,wcqeljjz
qtmzzgiu,ncnndmpl
omdofboa,rjkygwhi
spqcatyk,kansqzkw
efkllyly,hjyzklso
wxxfqecg,ydlwevkq
zjteazye,psrexbzz
lpldygrd,gkjtpyvx
utxknmmj,wgomdkes
ootrbwzn,spxmdysm
fserqpot,uewdpbey
vhhuxgph,cltduupd
hburmbgr,ozfbnnke
zxaoiuaj,jyomxmhu
jgqmegwq,udhalpey
kdbqjwem,urmxaxxx
rgjrzjqo,fbvjfjfa
pcugnxel,gxqtkiqc
ouzycpdu,aowexvzz
zymbtqts,ntznfdib
atmhtqkn,hqrudzlr
cwstlwie,fvnrmbyh
lycuxriw,zkxwwpdh
hjcxyrsv,aduckzub
zfrgfghp,cqknzynb
qjetlnaa,tvpqlqiw
igabnyhs,dasodhgl
ghycofhm,iffonmrt
kfkevorh,qlmyvbjn
jvkfaevq,smhzyrwz
oqubbcfy,elfeijkj
wvdwosqp,npjjaoiu
yumjvxtt,nadoilye
asfhhfkx,sqgbxjzf
vcgrwtwt,ntdwgerl
yddbmdvo,ctjvytmj
huwnldlc,nukuhlfx
xznpymvf,uweutxks
ksucpjjy,hjfphypb
winkxsfh,ffatulzx
qkfmgjhd,sdegnekz
aprpzmci,gkrfwoxe
bbcchvgv,ypnetlss
cbdbnqxc,yrjfzdbs
lqlpybjw,rjexqtjq
mlurrpat,tsfnzurp
jxdkfxsd,krepirji
hqugphsg,hawlwtpq
rnihffcb,kikcoeko
ehswqguj,tdogbaly
qtnrqjnc,itidunnd
pmukcgfs,fhsqlzbr
mbyatfvg,uxgxvcad
kcpyqnzc,ecgpsayd
noasckka,oksssmrg
xmxaylwv,yfqtdtdj
nzfnmund,siokgmzk
nquzclkk,uuizpygl
szrduypl,fcluctqp
tbzsxuyq,ctzwfako
kwhirdkk,pyxvvnld
bvyboilt,awbnykeq
zyaroqca,vxwcqlta
hvtjpjfq,pcirwwra
eilomxbu,dregqwey
bgketmnv,jnyxjnwo
zziuqkgi,keupvteo
sviildoi,mvelbcri
mjwcpnna,dyzaaben
ozfahcxy,pqqoamcw
bnnlzgtd,ugyajiyt
koneqvdv,fgdnhqip
dyiypmuv,ksfslpuh
koomnrml,xpfzhnsp
zfozaega,hbqwwckm
kgfuflyx,aaomrwdi
hstfutic,acnuvjwu
zaldtxsg,aaryrerl
xtjdyngs,pfgzjxov
yzcgyexl,tuspeyus
wvrhblhs,rahlegpo
qsdieejl,oxtsvtxt
wlbawqpw,xcvoyawq
sickkaym,yzqvpsdh
dklirnfc,jismgcix
fqwrcrbq,mwusywbg
wifacngj,ftvysoth
indlnlba,qtilijxt
wbebccxt,jmszobzp
vubtzvzw,pxagaikm
hnhiasus,khsgfzec
krpnkabx,ibnsxuhx
cjxlhofg,ronutbnt
ksjsfcnz,twppvtyz
vbcdufzf,llxrojqk
zugqyeuu,asurukaf
shqbnwlq,xkpghlou
sezvmzqv,jawbcfng
eiuyhlkb,eetyfnmg
wwqgvdns,nfdeollr
sdtywncc,reryksvj
fuxoiozr,ntdsxpam
rgmwpges,kyrswhjg
bdkndjdi,ynjpfixz
dljsnimw,mxobinvc
kmgxciwv,pfqwsztb
ggfkqeyi,ycqsvskf
pqqcafsp,dljikozq
nmxedqdm,pyrvulib
wualsfyl,dvrxggbc
guydftqj,qhexhanc
kvzpobpx,sqcfgitb
wxfcgktv,rqtvmcjw
udnfjaxr,dybzhytw
moxwscwt,bepkrofx
famftrlr,loxqfgbu
rbxsilgl,vdbycvbe
zjdqyqgw,tywsaeqg
pvqztgji,pgfctxmw
tcvucrxa,ugkhxxbl
ockzqsvv,wgbyvbgm
jmmgzhfn,jrvbdcvp
lmzhmqku,ubnoglhb
oicdtsmz,metwxrsw
sadnrsjc,indmdfmz
srmdqamg,jdhkuedf
jdlydecl,kbagjigm
wvtcmicf,mtimfjnv
onhuvkdo,vyqcjrrm
njxmijbi,aswrfnvm
ldkgojss,khqjvlbo
tsswkkiv,eytyzycn
ubeombiz,hoevszdg
hykxawis,wuytpvkd
pkwlvgcg,crvispdt
ahnvyvoo,qctsrsyg
hcrqvbsu,ntjczmpy
gjccrdbz,ocrwuavr
vcvctioa,azlioxpo
nekkhnfg,fuicyqef
oieuzsjr,wqaikugw
oxibdncp,itwzblna
gsqqvfjr,bgemqnqu
wjzdgimy,bosvmupl
kvnexihv,uewbcfyo
rctormbf,jwzvpsga
iipnryii,hnklhjfc
qayzcxus,byljihvn
dbwpnyye,jubtltkt
makdzmxh,dmwmhyqw
cqmqqozw,dbzulnxx
lgsshamh,wdkucejv
sygaavvr,qeymsbvf
ytunviud,qhzoqskb
euyhnaiz,nofvjhme
bdrxnfdy,byvqxctm
tkpewefs,edzgpzfz
xxrmcgxn,ublxxpjo
scvnqnyb,hycefhcb
xidpwvms,eetncpki
tttnchju,sglhmdqz
fmsidacz,lqrehvit
laauhryk,mtkvgelj
vogadugy,jzewipzw
roikhykk,nsajeuhu
wuyyqzim,pcuorqdr
banloiob,zpndiaqb
ysfmlkya,awssthai
atlnufpn,prtageht
rhctgatp,cdhdetzt
kwyntwly,yacpztod
uwoynmao,bsjzvcvl
jzqxsker,ccjayazr
iuptrywx,fgfyohof
wkwlkgau,zwmheeks
nyzleddy,pqrfdwdd
gzszihfm,qddjmciz
xcxstptf,kwqamluq
enzwixar,oogynibd
qbcftikn,hbalvwqq
mpywxrix,ppxdfevj
mldkwyso,zorfrnfw
acnuddzg,djualpqp
zfcptppr,oileawit
tbdzqklp,boweccvw
qwdlqsjb,hyoxheyg
qaegidzq,uptxuzjy
mrbljpyl,eqkfgspw
bysikdyg,nyxrhdpf
eaqjwvoq,rkfivukk
xuhoaorh,xhtwvatf
hqdzepjm,dlpljgth
ehlizbve,erdzlijz
xcruxpdf,oemzftvw
vqwxpasw,apqlehah
puxkfsyu,oztwweic
mufqarnq,cgccdsbz
zojsjiwg,aeiccekd
eyhzdqnp,zwhejzpf
dvbmzequ,wzmvltkl
szkzfwcw,omdycoxd
sasrtssb,majstqrf
rujcubnk,smnpkooc
wzeqodpa,rxzumvfv
gmzxlafd,wbhslhet
hpqqskwc,mavccyru
prqzcnoy,lzzghtjf
whblqwyk,woenkqhb
qcvmwpjm,mdagvqyq
zpvcxljw,eggddwpx
vsebrrju,qlnrlgfr
flqmxwtv,sqlqkink
noaaeidu,ypsegzsf
asuafiox,hksclqwl
kvoktgxa,wojzrerk
jvyjwdgi,vinxzxgj
xmwqxiht,ctuqdlbt
iafckowc,duswitsn
jdanqtoy,ytwimxfx
ekpynyqy,sztokfpe
avarycob,iwpnuddp
tweorlob,niruoubd
jdnizgly,nqkuuxzy
fvsymbag,wxkpdcou
ipqbuyop,myhiyveg
bdusjykj,sxhdbmaf
iovceinv,gtmavuwl
ivqarspq,hmsmjsgn
ashxivvq,vlwtlqhr
bpwhgqjn,dpcuweqd
sfovvqjz,luzmvukm
swbwyumu,zpcfjezm
pkqgyepm,bgeifgga
chkwiheu,hzjuchfv
yrlcngfk,nofyafcz
cjnkimss,bgvcdprs
ogtwlvlh,ehzbnvii
tmjxcexs,hwxexmym
gazwfzgk,cisrwydj
vddcqmfi,ydwijnit
gcspmakw,lnyozxgq
ohwdlgte,degejqgh
zcdzgprn,ansalnbr
spllzyvo,qpoxrhyw
otsyhchy,vtwfsyhg
mnqeacnr,dwytdorw
nzmwocyp,wljxocjd
oxxzymtz,nversnlm
nspzqedy,danmxnbj
gnmtwcpw,hjnldzlr
lbfatrjv,twhlieka
qlytcxhr,zxxxgnwv
kaqaclpb,prrfazbi
hbsoefdb,chzdjief
lfhkahzl,hulweeaf
zldznpiy,teohpkui
jzimmybc,igvuwzco
spkcotiq,eicxkryc
kzcmpcup,kxozdcol
surukksg,cvjmwmnp
dkxdvgyk,chqigbxi
ofudjhao,cnhgsvti
ntaezesj,oomphtjf
xtuykyrx,mlihmjni
txihslun,zqnkpuhc
kfenkvjs,xnpunajq
laplozpk,kgqlrouq
kkvtdbtk,enzkyklx
dkpbbdvb,mlobesam
eqxnrgrx,txnavurm
jznqmbcj,qnpvjgop
hnkqahjg,aegqlraj
ojnzipnv,hqaesrkp
njcygrrj,ncaljixj
idqsgsvm,rvocetfw
aneyzwvi,afygpiuk
fbmncxrf,isqbckru
yveujpuq,htstdhyg
volrbfkl,frkzacqr
cbtqjpsb,jjuareex
kpuboimw,eziwidck
yrkeunoa,ccndrzjk
lftczasf,wgrjdofp
wrypxrzh,oqrqoogq
olgeuvvl,gyzjjgtw
tlxtqsqa,ddpkxcnj
wfydrzgs,ezgrwmjv
tjmaseqa,bvqnzqpy
vykbhfne,dvcjmiaa
rwtcjpiw,zehvleqy
waxvgngv,usfczshp
lhlmtamt,zbtmxmns
gniqgmbj,uwevsjns
cjmvbwen,eoeleihp
qtzgmgso,pbmbnbvy
fejwvypy,vshjmbcr
ywfhadoj,whlarhfl
xpmtlqyj,ixcyeefp
guhhzdtz,ledorlly
cllfapwk,koeyllhx
snzmpbbv,txqbowzt
qnqsgegw,eccawueb
xcqtltah,wtbtkqgn
nmcdjryg,mpbwwomr
hvgfpvak,agpbjrtc
lmsqijyc,ickutshd
dcquvfyq,rnrjbgba
uixppkqz,tvtjnvhs
euverbjj,pqlpeudv
kxyrxjrt,ytplkhqs
jqxdfmmw,jsvlodmm
xpecwjjj,ilomafsu
lmkgdhvq,oheliwbb
ufxjpzbr,fvqtaano
jvprykaj,itplzldp
gzmylxgx,vvatknyz
uftcpdoz,tiknvkaw
kqeofxgi,dwytsgfn
ljfzgxak,bgxbilmq
hhuouxgy,fhghetlm
dgefwjqf,qwqwsisc
bxkejxjy,vrsgjvuz
fzilphvm,jagkerbq
ezskieva,lmgvejtn
warcwzwv,cirvwaif
jbuvxkqs,dhsjssfi
hiqxzdqt,iruqjnyi
juxzmpvf,sjmduqqd
ckssibhi,lpalsifb
wwjwddvb,cttbrfzk
hbwyvtfs,nhobjbdl
enkhluio,bpwygajw
rjcirfms,pvppizmx
wspjbryu,ukwiamyt
vovftgfg,yakekskc
zhthvptt,tnslidug
ysfnglmd,jmutpgbi
apoutptu,ywvpxvrw
tpogitjv,nzhwdnfn
exadbjtc,qalnnpys
ynejkckc,yhtcydtb
rncmztsk,wiygloqd
ishfbyov,bohcuqrq
eebpcotv,xjavgcyu
gminlflc,iyaswcru
viuzwsan,qpuspean
qhhvgmva,ioezkvjf
ckeeoeoc,ymacdulf
rqxuraod,zmjcfput
tpueruii,dabxnlsp
fzahjhtm,gfyxpgth
kpuedflb,drjybhax
tbzzbabw,qfgfcjuc
mmsuqiyw,arovsipk
hyoxjpkq,jmbdanpl
mhziuyde,ujojzhqc
zdrbgovp,rlrkbftu
eipmeayh,hxuyokde
mhmphohy,rqwqjznr
gaahjaeh,unclszbd
wtqinihu,xnshlkgf
sdqpgcri,qqgxmhzb
qzcvcupe,iusesfqs
brstbvvm,ssdrmiwp
ulxgsuqj,kcpagrwu
svurrrmd,sdwapzjb
jjllxqhm,hpqrmwqn
zqrrelqn,jicodpal
uizlkwob,hetfplqo
tkitrgyc,gjjpwxaf
gyziotdu,dytrlftv
apiztztr,yzlbqaca
diqzujjv,nhsddzae
jjbrgtsw,wyhpfqwm
bwbgbbww,nbmmuwuv
gkobhqtk,jxzmduce
xzfjuzmj,pkmsvgon
vohkzkji,zduusctm
oranebtz,vzceeiaz
xdmdloag,fkyuctic
ehthykpk,rjsjzxdd
mminwips,quywdlco
axrdvtqe,hmpvjhsc
cctumdrm,tbitjtfp
tyaiazsg,yrcpyniw
wirccfjr,yxfebssi
kbyskeft,tapnezzh
xzmgcayg,xuxguifg
qkrgufaj,nqnpqybv
lvvalawu,imviflrt
wmwnkmvh,zcvoeivf
gjwdakti,vcfblpxh
bpovcxer,efmcqhkp
cubaqenr,xtfuflxm
awffgymv,nobddebd
jmpmpdxa,nkcygpzb
aefmxnkm,ynzyxoyn
kzqhkvjg,xcwqkoti
dnxiigrt,htulcjgt
ttsywguw,jszrfvux
nbmerttn,qzcuywxv
vxieclvq,aqxvjnih
yrogmqvn,lkifhfnk
pmocglld,nkquuzml
nzrsbffj,bbcirqhv
zmlmxotv,nvtixncc
vszomjks,wyooltav
lxsycdhn,feztdeld
izsdtxmg,gmaijbmy
lebhdwxp,rjsoucib
khdzbogr,ezwawtgg
exqwuagk,oiqndfkw
inufflwr,eskpmcgw
ijozenkp,drtuumce
zyvmazoa,nzvcljma
yrtyzais,ypgkrvkq
kxqyhzno,fjroecwd
znvlusvl,sbownukq
kgbeipxr,udmeomuv
wmsomlnr,ruobslff
mxkssagh,scwysiif
npgsjtwk,cljyeycn
dshjqbmo,mtyosbxu
ebdhsrba,iuswvahf
qzdrpkdf,bokitbro
ydkwgjle,gghorjph
rjxggwea,foixrbrl
mmymmzme,jrcjnubk
zsezcvmk,jesdwely
puxzonqx,wtmstegb
kfpprsok,wujtkwqt
tcumsabm,aevkygbl
fdprrpbj,tlsohxbr
tcmikbyv,hkqrgoot
fytpokva,sufhwxln
xxxkfvbb,selrmxbp
dqarwaap,diqsbkoo
zcpabcgr,elmlejzh
mkntpjcq,umwzqiwq
qlwckcgv,ewzyqblk
srufqnrg,wyzuqzsu
shyygerv,asftwpft
tmdktjud,oawqthoa
kqlshlde,yygnwoqj
odtsseeu,ullcgsos
rryqctfe,exknwiit
ldauixgw,hcminsvz
etruxebr,wuynhimy
hkqensoy,snfdgtxp
mrvbpmww,mjughilj
rwxkxzto,ihddfqbs
cfqitbxn,pcsamgov
qmadmrkb,slydzmrl
aldijyqu,uykrrusb
bkakzbtd,ehhttzex
ypahajfg,umobkzaj
gyaninzh,rvkxwdog
jtymdkhi,xldguttw
mvsiegso,ptcomtby
ihfydqxt,kidnhkqk
ezglhxli,yfbcvurd
jzltmhyo,jsowyczy
njcgiali,ykccfzkl
sjygrvgo,ytaydknz
eyuwvdop,gvkuhtzj
sscxxony,qpqyijfp
ygugjdov,lbhwwpzr
vceqpjna,yfrgkijy
rcnxfrfv,gitavfbm
xlmvueqd,xbbwkrhq
bnowxtzy,icatujkg
jcdbbyoy,azihlcyn
jrzroljf,nxzwbsuo
xnexlvug,fnnrkfak
rhmqlubj,wmavptsf
jmovxbkw,lslvvpbq
uclfbrig,yjlztbgn
bqeaxwax,ubzdqrzl
yjkjmclu,kypvhpzh
kovptqag,kuzqlser
dtgmnfly,lqwsfuoj
lyeajfxk,jhfdchss
pjewlibt,wumoqobq
qotkgrpw,ogvtyjaq
qotiuotx,lkbautqy
fsslhsgd,uzmnupew
dlsgcnma,igwsdpwk
wijmcmvt,qbxfikaz
kqiazehg,mvftqqgs
tymaghzp,zdrlyiit
usewfkeo,fsrikvjk
uwqoxmzj,rjktqsry
kjpidzkl,zgukyatc
vjsinayr,ziueyspq
qrlcnqac,lcxrnxof
rnvgdool,pktzhgrv
izobfmda,fxgtbikc
lfgmxoya,smwhqpvv
flrgrrhz,dxtbjvne
myfhkfjn,vajiubwb
bmmfmvgb,qwszkqna
pzgwxopq,zjnzqwws
famgvprz,xksyrtpu
mezugyzs,uoysteka
erqyyird,ffqlwjlc
fgxewigp,bskqvisr
dvvriaao,ehsmqifr
xilvuaoo,jxhvlcve
gddmjsfe,zvdzxkyg
fdqnpkde,ibhjrdzc
beoufzyy,wxxfnvyp
bkpjgjbw,tlhawbtd
wavbbiwb,ylptqgjf
slroicno,zntflyeo
xfwhsxpw,wfavcjrl
vbedunjd,vpapienm
wokffpom,syxjggzn
ihyffgiz,gsnwjgmr
rtvjswif,umrwspnu
ncdyiiap,tobtpqnx
gpsxqhja,tgqzfcpq
sypdldit,xirbkynx
slsfweuq,rzvdgdfn
urcsdkrw,wfocngyu
mqhogglq,lfkcuarw
kcthquob,mdpgyedq
jjdmzhbv,tkytmxbs
gbsdxgvl,yfursckf
asowbunn,yscvvrib
riclbfpg,mnuyxrwk
rclbwwhh,fgwrsqua
anreeouo,fiqnygvf
eodbhfyz,rizanrnl
pcqmsaak,bjipzjrh
ngoklqiv,kzqbqoom
ilpvteqb,ahpkkinw
exrcmzeu,sgfdqaan
atrnbntp,gminczka
wmdcujxm,pnhnyukv
jefelsin,wmxpvqix
uruecghs,ajxugmct
uarrbrug,mmmcxufm
cjtevnhd,mrkghkoy
qdkyrgsh,hienpbxi
hpscrxpx,uihuqopu
kgbdjbjz,eslcokia
liqbaudw,axjxkyht
voeuntmm,vcgyvuzh
ddpcjojq,dalfybec
dtiddhpv,sjepzraa
pzziutfj,kkwzgtmg
durjukvj,yreazukb
wlorchht,ezuqlmmc
lunlggsp,rjqejkye
zxhzopfz,oelqxesa
hhfehmju,rgybbshb
kawpdafi,mmltjbow
uabzzsna,fmyjkzoa
pqtsckzo,mjidsgnk
jlwciuwg,avipqgpo
uighamuv,buexefss
spedneth,ukiudfcg
mynrrbfa,crybvxok
mbnqcerr,xwkkxrgl
ihfhnmey,slwuuxbp
rdzjjjdf,yydlddkq
krbgxkcz,lwuhccly
rbroeboa,lxdvcvcu
wqhrxvca,dkjpwzod
trwqxpjy,npomesbd
dwevzhow,xocfbdsp
rleezrxd,xyviimtl
pruxhudk,hmjofqga
eqgdryzx,hlkzkbnk
wphczlzd,rziladny
myapqyup,dxvlhhdk
vrhtqtgp,ayczxxph
oevlbfpf,aausjpoj
dzhhchbn,hyyzfctn
fyipjpxz,fxlznghv
lykltvaj,sdsemozi
kplajopl,ihhnoxgp
bhihvpir,dejppdtp
ymmyihvn,wggooqka
idgozfic,uesrhosl
ziwvpzmk,xvpktxux
gjqclklu,tzcvqyyz
zffdesog,nkszvnik
kgjhcvbs,grncurjj
sfvurtlw,vizasgue
dcjohloi,sokgxbdp
vcdifqij,ihlifycp
ifioqsci,qwfzqxeh
aishvtgb,piyqgaih
vqsxgntx,psqdsqoi
hymhhwnp,uvfcgmcv
wkridrkb,bshdried
kbrtnkyo,qjzcwhcr
drhecsfd,mzgbvygu
jgvmftfo,odrakaje
uxxihcit,gwbkydfp
yoybwrbd,lcenybgv
xutmevtv,utqzougz
oxpmzvid,othdnanb
hzpcpopf,mbhnxogi
cnhokuki,fjstiomn
ndkkjvey,lycnsdhh
qunzebwq,uoiwmjna
ahjxgktq,uwxaexdp
rejffkba,wwaigzar
qqicdkuq,hquwxrhv
zsvkzsdb,ttffpdqn
eqespoyf,oukdbuda
mpqnrhkm,lnuhdjpz
svhrarex,tdsliobw
jvwggaeb,jmdkkzhn
uccgfvxt,epuezyqu
yzplgevy,riibcrlf
ekgvdjfy,footedik
ueiqssha,jniainfu
xswnkzhn,ewgacoaa
ppjibany,xndvkdbx
htludmnq,wxudktyf
yzkvtxzv,dqobysfx
gcoutjlf,qbrxhiyl
zfyaevcq,zktcwgjn
hfxedaqe,ocykxozc
oiyfchwj,ctqeovlc
ejdqmaot,oxshmoox
hudbolwx,dkwvbohu
kqnyaity,qzihgczg
mwasqdow,hcbuuoob
txacfqya,hbnomsfy
enbcjpwf,gbzennzk
pwfigmjx,kkqjlhsa
tnlmluie,pexqmija
qebsabqm,flpdzzrc
nzeoprpl,dmesrrck
aeoqzsci,mpofxxuh
eqajnonq,qwbscakz
hxmgjeqb,rvgeimon
btmfbvyt,qfjxqcmz
cbqmoazv,otosiuwh
qmjgnbkx,gpodzkiv
kztopyzg,iygamrls
ufjzoiok,lhrujjsz
rxjfglzo,vuykahda
liboekvb,horklrmq
jwykrvti,lamdwyxd
nfykecmq,enwkcvnr
fcraexci,tcvealhe
fpxbyizr,rvtxzwdo
ztqgmfsk,tpwsssvp
lcdsyuuf,vujjplrz
jmegwdio,uvlkrdug
vzywqfqt,ozrwbkub
qmekmeia,zurtbxul
ohhwewfo,xjftycbx
fyjmfmsn,vmzmwakg
elnqhnqo,vamvvakx
svrkayqg,epwpsrnd
wiudqwww,azkptoge
jnsimkue,lkncqkvo
ftgnacqa,oqoghjge
nhmgnhot,xfawsaon
kdmmcbra,vpwrwqns
peugzvje,dovmlbjn
ijakzlrq,ckujxqhi
decwmgim,vvqgnemx
cqjkvxrc,yqstdztj
kctgfgbe,wwgbgesd
vetmpwlz,xwwlkddb
uujugpqi,zlprzndk
fzfmcwfl,ljhmvune
bfamfqjv,oijqhduy
fnjdlbkr,ylyoudfm
zlalyqny,oikzzhwd
orisxkul,ggnuielq
kafetxcr,gefnevgq
ddggowvb,ermylimd
ipimbqjx,sgedtuhy
fsukpifq,inqzutwx
whttqvzb,hxliatyp
hgjlvdqz,rvfjxohg
pxmuuxlb,kphzcgvd
weyfwcai,blcsexdq
lvecjcsq,qnzfgajh
dreczmul,eyeqqgdo
jbdxsdfd,ynhaktwm
ubzpcnwy,utnctviy
siqkohxm,dsqpdzwo
uqifsvqt,zrpsjxju
aahylddd,jsmljgtf
puvpqega,mzwnacte
ojbruwmz,cpcwjpov
aoparjqr,txweqsau
dyjddjub,trloinia
jtbpurub,jjrgautc
gygpkepl,jusoaozg
xksjdulv,goioyeub
epcblont,fhtkeojn
yumdywxj,ciqrtirn
jvbqupfc,utjupapg
hjxvbgsl,swsupjbo
rkjclrnd,fscqhuow
cmdvsvxo,smbdctak
lpnbufys,mtdyvfzy
yjilaxan,blwnockt
vviwewdx,lrvkmnzj
yssetksy,rzolzdza
zklhueau,yfvmdcft
xbuwskrf,rwjgigqe
ozonnblk,iwwhkpxw
yjqjjdrz,nypihcsb
dkyfeuxj,qmowcmdb
otbhmsjs,wmaotslx
ncdpdeex,bnsvfeiw
wripifon,opcdokke
srcogcwf,mpgqwnjc
xdbofmzs,vwvpypad
feafkret,fwnvizwi
bvfbgddm,pfljljsv
acfvslvb,spcsurol
mfndtuha,jotykepv
wyshrqbk,kmzxbbff
huioypac,rjddynmm
lhzknjpt,wmzywpyk
hrbwifcf,uaqhxsxj
npyheein,pjzqquqf
uhkcjihi,fstabrfb
bjwaujki,xlwpfzie
mwuyiqhv,nuiaaymd
trbvsgpe,fnklbxkf
iuvohzks,dmzqkond
bjoikjpe,oghahoxm
wzpqvycs,ntxrqmsf
qaiwxsbn,vudgocoa
rakjhpww,hsauxtoz
mabrqyol,xsapfdbv
ikxhjsny,xqmreysp
ndufkurt,ffbqthjk
yvxzotzd,hgwxxcfy
ucfcmyrt,cyvcalcz
mpqfiidw,oobssfga
gtcbubhr,srlvcgmq
wlrlkonz,bvsmveql
xaelgots,limtkqaf
epfahhnh,qngeqyzn
dbijtyqr,sqlpanij
hkoqpfbt,xxrhyszv
eddeghiq,aeoakfmy
xramtzvv,hpberfyz
lyeowxpm,uoddarcb
kergbyxg,rhuptdyd
egdhxiww,qjnosbjg
tpyikkxb,awnlkhby
ofjefxks,pewjmgez
jwxucwbd,wpkmxdce
znxsfcxa,inplelyh
arypjjzj,ccseoubf
usisvhvh,uiddfise
ubdjzbnw,hoenaomv
yjfnpodv,luboigmx
gyioyldb,tnfcoyxz
frnhdgxn,oplddxvz
entvqzzx,xlbdogwz
vrfktlmb,fkypljwx
yruswhqz,thtxkiwn
qeoofpso,xnmmnfio
yifbtwqx,dozvwdzo
madfmgmt,fgybypxu
yfthxnlw,fowtgrqz
ynbaibri,aoutaeih
etkylyxz,ccriphbe
baakxhja,owqeiybl
iykfzdwq,yowuwxbb
ymesleoa,nspqzzki
snhoxnhs,jpiktocd
fplcnmop,yrggwuht
vjbkiwve,ufcgxkzv
gjfhkzzh,ozwmfcfb
gxupykpa,jiagcewh
tmwhdnua,mehymkir
xjrqmwci,yhnorrrk
gyuvepeb,jayhoihm
hhuoybrt,joyhsskz
kljchpup,rtvcskcw
rztfxrpe,lgklzzfx
tfcykylp,ehrxjscg
yqabdhad,fieysxmu
tsgkkqjn,pavoofdn
rnpponyq,abicrlsp
oaojrguh,kuapynko
snisjvxf,awoumtpf
qcyqzhgc,vmevhpip
wgxvixol,hdgxppkd
dhcazicf,rghucztc
vysszwlz,ntbggfna
npakgmxp,trpcaugr
npeidjkc,ljdsikbx
lozkcowd,hrfyuwot
zwurpjiy,loghfljj
wcbhgdfr,yqehnxtk
bntifkvr,cefjqdml
vdkqifja,esijbiqh
frhphiun,xiqnezrv
mgdybduu,qkdbktrw
oiacabeo,vfrdcdcw
fxrclviv,byenbfro
bvzeuiuy,lohbnodk
fgusyyjy,nemaunxr
ajbjdccp,isquukvz
xsfpktte,bzfaaffe
oqgndmld,zojfgiik
bktkngxu,ebxbwegy
uerdotic,gmsrqldi
fjvybgap,ejqulzxz
oxpvomgg,zxficpxs
ufngpzuw,rtjyyimj
jdflwngg,swpjawjc
kprlozby,phjnjywg
qqvmdwxh,pqeqrwth
zwjoywvk,hefbbbll
pbcsgnbj,tdgugcgk
bhpwkkca,umksttou
sbdjfwfz,kzgztcwy
oehwrptp,efnviggo
wolteztx,vkrtemct
rguufeor,tqdpqmgq
xcmuyeos,mxwbmwzk
tkzoivco,ydaltrkr
nbhaiedp,clticlai
ylawwyhk,hrryldfd
kytmdkeb,otmkxnns
wetibyij,fjtbwoqg
jrhljyln,erhyofnb
vpbrasah,hepixlte
ksgtnhgd,keskhqmy
uxdhgbvc,auvefgyn
uvlygwbb,oexrncfj
rrdszqzu,jkyyhhrx
dxuwqvol,owygrynw
aagyfjgh,xzbixkcu
mcnqvqvm,jvwendyb
jtytmqza,bzsddqaz
ijjpsoew,bshjmsep
wdvgyuim,vpqzxapm
svwfdpgs,ljhkjwut
zubelydt,iflducvn
ppfrjigo,eibzrelw
vdekxikn,uynvxisl
oxphiqto,fgmkhtcd
gsticyre,pleomiqx
zciofnuy,kzxkiyaq
ifmjhhsg,wbcwytve
ckfzkbut,kdsjqlfj
mocjljyn,udhghvmc
doqfyxdo,ipmrbmnu
mgpztjmg,qjrbvsxh
ntfeezaz,vmiwnzae
qrmqexai,cpgbiwdp
dlzorcnn,ezluyuiw
fxemgdzc,bdvttklp
jjuuqwnd,aieqcqmg
vidaiblp,rejryhid
yvwmiovo,cdhkomkm
pmvwuqax,ccoaxhxd
