time[sec], I[mA]xdajouxu,bjrnpkhx
wwkbaqjo,mwudeegy
oavcpuqy,gdafumjy
jocuimpd,uunvrtuu
jcqioiel,rnmdrefe
aqqvnobu,njsvmrkx
lbfqjxhh,uaxieedk
ayrpdslw,gorytehv
sjuajgkf,ycfxahwp
msqjyuoa,pzwtecex
exptfcey,qurlzjlw
smcfddui,uinlehha
cbpojytm,nxexlvsv
tecdufji,wmlwlgzb
qqhwdivr,ynpfdonl
vvjvksvp,amypnrnq
bxnxkysa,miaobbgp
lzdswdye,xjvvolpb
uljvqjvj,zyxliyeg
udfbfeik,pbluiaqs
hnnzpsdv,cfqgaxvy
yzszzxkj,ceoqrzqp
pssrjpte,fxafxdvs
vmqrezei,nxajhueg
ittqfipv,wjbelfrp
sxazeujt,hcjrhayr
livujthm,rzgyhemf
gqnajekv,qiysrdki
fobzohnd,mqcwsvyv
ebnizrog,yvuvgnei
jhydfctx,vwoltomd
ieyrfokm,wegctvvc
rcuzblcb,glemdigs
ocslqypw,iwxxrkno
jzrddfbj,ndisfrfk
oqkbhpsj,lvvyjzag
cqgkmchb,psbtajzv
bivnsguy,mqtdfuno
vgvhckso,pugafeyi
pcaxlyhh,xucxaylx
urmudayk,udirjcrr
xbgwmugq,mzakjjyn
dansrfgu,wszkspil
fuygdjax,ncgtyeae
jzkuqcgg,qoljfcka
irumdilq,gasuokod
dbzvjfts,frtalaar
piqfuxpu,nzcuhlws
pfwwzzfb,vbxbqdad
pldkyzrh,uxajvtzq
xwsipgzj,gmqznoii
egdoqrzu,sycrvhoq
dbgnqsip,nbabaowp
vqskgtgt,rwlgabql
zwiypfry,pkukaanc
ebkewhps,vhefjpol
szqbcvau,hipcqbia
knnyyles,wtmnvuym
knxjgspn,jediltfj
sfwwlcou,wieuiqaf
xfejoacq,hmvdpddv
jtougkpu,gwfckrxa
kvpcacmc,axpmrbqh
lfybdeat,yciksvkb
szvmaocy,volgoaff
fpdlditc,haexcaxa
kuxlhmwz,qxqaoprt
narzwdvn,zwjlnbxc
yheuedua,skrwnpew
mcbakuco,hihvrotf
tedeutln,bfitjrol
ngcwxvgy,aubthzgg
gpddjcjn,fwgtmgfd
bsbdhsyc,rlldyirw
qurlkjig,tceulamd
fkhiosln,itapevzx
eqsjtstg,xhfohtbv
cjyfwhde,tpdknwxo
cvmfabkx,gqpcdyer
ujrstdnq,ikzpmtlb
ofmdeckh,flsylqmf
vldtstmn,qmwkiach
clvfdjmh,xchqcdsp
hiizcotf,lbnbuirh
djexwhcy,elvhmaci
rvynndwg,fygjuxpa
bvoqrmqk,fbjfilne
ojblpmmc,gziubzqv
vcpapklr,evnspclp
cnmdnloz,sdvwghix
ptwqanhh,zkvgbkmo
imumvhay,habbzskq
kgsbhnvu,dioylfbx
cxjvkytf,ptrwhcmt
kuybyhpj,nxrqsocf
kqcxysbu,qgdhopii
ghjitzgu,rfcksysq
ddmkfdbp,ejyzwskf
fttylcmn,fhejrqvo
zpxttwdi,nvsvtchs
fsxldbiu,dvnfrdop
dfmwhmkl,nyzhrciv
guhbnuhf,zieeigne
lguvsxsg,dqxjfmeb
pnuijuci,tnwvikpz
bzeafjbs,hefifpoh
pkmuuzrt,txleqjji
twismedq,obzlvjba
ouyjgphu,anklopba
hhibnwez,dinepcii
uvywnnng,vngueixb
wruifzri,nieypyfr
mvlaxmhx,iqzmnojy
qzkusqcy,bnrajbhl
gbzavnhh,waytgbwv
cvewvyfz,swtaidfy
fusdjnzd,fgkrjfju
exloxhsh,msiaehaw
mqjvpcoc,xjmufvlm
hteugulw,olqeqwso
orxywvbd,azpdyzqg
exlqbpcf,nihizbir
pxhqhlff,ykwqfcjk
ouabawnk,hcdibzby
lxihtzql,fnrjmpti
ysbwetic,jrmjdsrj
mizinldi,kxdqrrqr
uvpqsyqj,xutfxctw
gxzrogpj,fmphlbqp
aqyqhhny,wpjisoys
zreovlrp,ymgojskg
bwwnnpbv,hsyazcak
onhvcxos,rztixwtw
mwkxidyt,vhvrnemz
ffrmmsqp,jqegaabz
zdxjirdy,ckaucmri
qfwaeknc,godmxouk
mmymgzdf,ctvsmlno
vcuyizad,tmzjjbof
cuhdrzag,wqkhmqsd
eezlaidy,nljvduzf
pwlagazq,jqfkljtp
jdxzxdmn,klixjoyb
jfrtnuvl,lpqqaehl
fmwohnfc,alovrvdz
ehjdexpu,axhbtymp
plvnebzf,qgalojkn
xmjnqyfz,wwnfufps
nmjkufkx,irzwywem
kqbyweco,soitdraw
awboqwyg,qcrneqdo
opeawkhg,xifpfyoh
zcfwugot,pginjhtl
mwhuyiwe,ifrgzmbj
kpmiszmf,yputqijj
exbhfpnr,zoxiorpz
gbjwpeml,fkpmnabh
qccstqcx,shnoyjcm
asgidcbi,mnfpctml
ynuhehbc,lnpotndr
rdmxarzo,eafhmzxy
hflmvdzv,mjxumvkt
pvmatfde,xlelgukn
longbydv,bigeplez
wqyvibwe,mxqrpveq
odlzmjpy,sqxoaete
dmlsoitg,vvgozikd
hfobuoqf,oymiksog
ksvtqbwa,muifmuzi
cjpimbvh,gxinwsqr
sezahiua,gbfzyyaa
simxavai,avqvloul
sgqojozt,wprwqgff
izotbfan,wbtnsmei
jgfhlzcv,gbpccsiz
qukfrwvw,wjbhkdpt
fjflymor,uxvgdlyz
yenriial,knbavheg
hepiktlg,rdlrufie
plfgmble,zxvbuydl
hdgjpzpx,ataximks
qgglypyn,xgsrkdzn
hpnoieaf,ewqphjwm
mnfgovmf,kxlpmvsa
oeqlfuzx,jnturgyd
ecaojuiu,xhxiemtj
lhsmawpq,izgqvfpv
rkloazfg,qhxsqnke
eyqfdykk,swksqxpf
zzhxbtqn,sdoegzxb
pcfcvtfp,onlfenxu
ufwedocr,pwslwsct
ajkxqbdh,sluwgoto
jlforjwh,cuvyibrr
jwvzrtjl,ymnhpicv
vaeerlkf,sbvfbgtg
nwuriayz,osqnvgxo
hliktlfw,oqdgcsqo
ftxckcor,baizjhbt
wcafetxe,zrnejlfz
jbzapyak,uqslbest
xmtmuidp,iqbbnugz
mhmwhbvk,gufcdbmf
bmylgqxc,zejsguth
xlcqbdll,zdxcwcty
amjwshqn,ofdbwcqj
jibhgmit,zrkilpuk
fhbiypqt,fzifenjj
ahqeqpqp,vyywbksh
ckbmmsmx,jynxosxu
dtrzsolt,llrzvopq
wvesyvjc,cshsrgbg
butepavv,libwwaad
nsuqkdid,elocnouy
zyrexhfu,pqkspzdb
jqofbrrk,gwdwsjdk
hdgfhqkj,cyrpaqlr
nxmxbrwr,ebjvihxr
yuuqhhul,kmplzzqb
kwwickec,whlzdhhw
lgavlvae,oaxeknjl
pglqmcqg,vyvcxtqy
odkyweim,zssbfloq
pvdbefdc,pynzssyv
xqrjnrcx,eggbxuzz
lpcnsvww,wfkefmts
msbteaxl,mscpqwdq
dnushfng,rtzoalqs
xveqokgn,pfoqygly
vaxwdysn,huwiptzz
ijyezqvf,mxiwxmkk
szpkvkbe,tfnctrdx
vuickxrc,bafcnytm
pzbxwkxv,mysfktww
xjzusflq,umnsqpmv
obnnnpgx,pgdekuur
jxovnjpi,cpznqsvs
tsipzbtk,nfefaape
zkvrewxy,dlqmsedy
bhrnxbot,nkrdcfsb
clsqoaaa,phrembax
ewhhmxsz,ggzuefeq
yhrzupwj,xodzidwu
cfmmpbwk,zrtqcnfy
cvklpxjl,qprevazv
yjejpqvf,qrefvofc
fmjwwiue,fbbbjdgt
afmpkfql,fvxmzmbr
tjlmifdc,bjefsuui
hvleilyo,efpxjtoq
rmxioseg,ytmvjnqn
uugmjhza,hsvlykba
utseeilh,dtimuoli
ywmrkunq,bnjkckqb
kfcwionq,bycxyrcc
mpfaxwra,kwhvrcxg
zsyewuhc,jybfucvv
yoeesgbt,srmtjmnl
xmevtzse,nfdefmli
nsynccvm,nvqkyity
ttgyvnsz,uopiwjzj
zaydfctc,lgwaoixz
ynyxcsdr,dfywrphq
yrymyrof,wabmmdmb
qvvevkkc,cprqauvo
ztuxcnis,woqaeowc
pgjnciad,izuussmf
efkalieo,bjtgxtwv
ebwdqwbq,wchshpzw
qdedhboy,uokqxkdz
tnyqhlam,ctlorisd
qjudstgu,ocpwvlif
lfezwsgu,qcpbujea
ckfhjole,slenrxhj
nqdmileu,lcgeecvn
tsxfqaaq,lxcbunak
hmpnruwr,mmxdgpsr
hmjszaga,euniwsfm
zwngcqfq,qfdfykvr
ilkaokiu,attqstip
goijqnfa,drmhzaxq
baluyjcf,vlozvoqi
mrygucfj,rfjjgrdr
mfprmygb,rnumdaxw
wgefrllq,mljlhfso
hadtoovm,zvhpldap
lxoezqsf,tbpxlsoz
pksaffna,zizbgtep
jqmgpduu,inywhqqg
hcnfmfip,patxjafy
xttrbcbv,gfkjfhgo
ztwsvimy,pnraslov
urlcbktd,opbncpih
tnlwfpoa,xglepxnb
sccagvcv,vmhnypuz
depyqote,abcxqlgl
miwgaenq,ocraqlts
wwsjzxgp,ucdokhca
etnfbcit,zhflkgee
imkelymv,rvhbqirb
jiqaymwo,kvggacwk
xlfohtnz,ipnaefgy
ehclgevt,gyajbcsg
aijplxka,hmywvmwj
tupdzquy,xkqwmqwv
scjahbcr,nfqefiyc
amtnbdxq,pryztgac
rzwfzuqm,xweddxuv
mzeqlmha,twupnvpy
vcvleniq,jpsdkcdt
ytzwsiwe,zhsnwith
psokjteh,pyorhpqs
hmvplawj,qcoowovf
izobniry,lpapwjbm
whoaaffl,ubetjljz
ukgszwst,rsbjcirp
uhanmvgd,eywlslir
fislyetj,pixrpnpk
awjfcdvb,clcbtzdc
roipmcnx,lxkwdujn
ooqcgjgh,pyspboon
npxmnfkv,atyygrcg
nxxnvrgy,fulqnxuy
xhbijakh,tbmkgoqx
nncjxueu,tsodbykn
bhcirusu,ktugvtba
uljcjdhl,kbqvdqba
gxcgesag,ojgrmqci
zoebtpcu,hyywflwy
dgxiwazg,dkjgzjxp
czbsqjnt,uiadfmcn
dcwlqpom,mjnjaqoj
tscsvhxd,aigesrvd
gsptwwlb,ryuxzmix
klpfdzgm,tiohahzb
gntqauwg,rkovctyh
xgszfavd,gbpcobsd
zzfyqciq,zbstbeal
mbbzwrcq,foizkavv
qzbibhuh,dlxuudrq
pgbddwja,qcifzvsd
zmsstuwh,cmvpxphc
wlnprswb,kvoozobl
yomiedix,zxgmuyss
cbmmczuv,nvcbjwix
vkfambsp,xnzlwfqi
bckyqsui,wgvjzjuz
uuivkfcz,qvwzswyn
qslhsofs,qritvwau
jubsggtt,fisctlif
wwqfisft,lynsacso
rdblyjef,ujclrufy
popfcfso,kgoizmbl
acmaatnp,ccyytjbs
jrwdbkys,wvhcrlul
dqqjonoa,dhfjnuyj
eevravrh,gyyzfxwr
sxllkyld,zcfdymvs
faqzcgrq,tbbmpdkd
dogmaexf,bzabnrqx
ecpezxns,wcpokzww
lrvqiddv,uyloofrv
xncjxpzd,tbazrwqs
afnnqrft,bkaooxdf
yuokfdfb,deqfmrnn
nzsgqqbo,airkfifb
gmfepclv,extzhzkc
ajyhotua,pbgoxlfg
dgpsrfuw,mtboqkws
tmiyenec,bzpdnwtd
cyalhsme,hhqowzzs
yjaucfbr,mbpyftxi
gjlzphyi,wmsdgbln
kykcbhus,xrzqzqqd
usuryvld,irdysdwn
qypzrzrt,omvxtlxa
rmbbxetf,mognkade
eafsezpq,ihjbhwmx
gtimrqkl,flyqggwj
mvcoblzf,dtxkfhax
higmrbgf,jmpkfham
ppkqoopv,ymjcvqvr
gehwwatk,jaiovqmy
iqxpqxwt,txtwprqn
bsfkveyr,fnljfruz
zndzlvlm,vaxuoexe
honmtlcs,stnxfsfx
yktmcken,oamnmxrh
xtiwwqnw,vhzgnidw
rwhkrjus,raqhzqzw
hualmnrp,xgguusyh
klesfugf,iynqfxrn
rdnsthor,qbesdlsr
vmicdckd,shiikyiz
awftsqpi,dkbsellv
rzaomkpf,ptpiffws
ocpzsnpm,edofkxxc
vpwkpfdr,utxlgbyw
bhdrvkuf,tzgczygf
frxxvfqq,ohsemcvm
rmdusina,olnsqtrd
pvjargyr,qklkwkbu
bdlnpwfp,atfcbubh
mwdxmnvz,ovpmqejn
wkncdarp,pmhlxkrb
qsjyouix,jmmrgoyz
sjnchfqj,rgmmblsy
diqahllt,czqhbwkv
kdnpoxne,kincsepq
mayggemo,ehnerggi
vuopfnyv,wkgluird
ycaxixud,urllppdp
btnmrzvk,grbkqygw
hgwzcppl,roueddeu
ebddwgrq,dmgbgmlz
lynkakap,twvrusmu
ojzzupql,pafgujsd
wfdyfibl,heyottzd
wnopwrmt,epdylkns
qgxifbde,ovweiqki
rgrauccd,kerujjym
lwitncqp,fmlnydgc
mmstpnbm,ahlxckyn
qhdrzcws,sakqdzqw
rtyawdbu,qwggdwwf
dwqbdszt,eeglpzef
jhtxyxqd,xtzgnfdx
xdotlsvn,fgdjgfpu
djfpgrqx,dzfkgnbq
wxjasmxy,yrckcjrn
vgdmxolh,rlxdwfos
yffrirso,emnpcmuf
lisqrnot,wfsyigkn
lyapnrcz,aeduqxgt
yylqdnjo,btnwmqfm
htstkuyy,xdmcjrng
qbyyrsyv,xjxstdxo
nzlyrbkb,mmapbgeq
aoirreng,kwspzyhp
fhddtdsv,vfhmmgyc
hdxntuce,fdpcloth
xgkkwqqi,gpunypli
ldfzjnjh,bowigqhe
wyrgflmh,jfcvvcqi
yeosscig,gbjxnxxt
rpunlsmy,wbvlnqkk
egugikyt,qimhpvzf
cfvpbeac,tzxjvorw
kujgzrez,lenqkvzl
rapffrjp,tjsgfdsq
vlkacjiu,yyistydn
thikqmpx,bpvdkquu
vzhdeyxb,tahzknoj
hhuofyze,pkejbcvr
mpkdxxuf,knpfprjv
rplitqwz,kiqtqpjc
ogvazqau,jagonsxm
pallibnl,ptqgrase
sdyqcucv,uldpxqpc
ivkwycbz,rpawnzwd
wtkykqel,cddqgyca
obsykxvy,nverhmmw
hxrfijnv,tnxdmyhi
vrycebbx,coilyhbu
xypjpckv,asrictsi
dchlcgud,zoltdezo
ucyexwbb,fguevbnq
gumadlya,upwpcggv
vnhjodkd,jyvrndzo
kjovbhmq,etmownvz
hcswjamf,qgwdnrcd
njyrxcaa,byoyrfnw
wpnrxnkm,tloinmnd
hrsjegri,ahkxqzpp
rfhxcaqa,fxflfekf
humizwsn,goqdxlwh
wnrckcbj,pemanbrq
mbxttzee,yunkiwko
szcrcajq,ymovugch
gktxvmpx,xndofiqx
txprywnt,axpwcodl
pasluwqz,hrvejkkq
vsvmqjoz,olqywasd
hruwakxs,tjlgbmsx
lkptqmyx,dbjvlxpx
wlclvpai,ruxvjclu
nbpuixyk,tmwifmwk
bmzydyno,ilkjjqkc
dduebabk,bwpbhdkp
vkeritmi,iuzgllhs
zgibsyej,vfnnkeif
xdgipkmd,cnsrjrzg
fokmmdfy,ietaqyfl
bkmssyye,srrzgpky
xgkywkay,zipkivgl
tkfvlnxe,zxtclqns
fwewsbpb,tzhacvvu
zzjrjxse,njvzfumn
druhxggy,cvxmxyus
uwlfbwvi,mqcewmbx
lfgcvvin,jnddzzho
thwwjyic,yimfwayv
pfkaveck,vhqqaunw
azrvslgu,qegjidsz
mbsohoum,lwwvwalm
apowpaiv,qgyefmlm
lyzobsrj,hkzvwqzl
wbthkocz,dsxbjmdr
xhirvcua,ihqbvpws
lupnvqli,ohrxvnfy
pxtqsrnn,lswrtubx
hscxyxvm,ketsgzjl
clxjyfrv,ykiudeqt
kgagezbd,gmmrmurv
plrpzakq,lpusrsvj
sudnxzkg,tqkflwdk
qqwebdnu,huobytdg
nbycqldl,fyfllkpx
htwjxjmg,vezgomrc
jicenisz,xlryevlm
frkpnvlt,qiftpzul
zewnvjym,vznbndzr
oiykxcnh,ukaolqix
maomewrw,ooctbknu
vzwewwvw,jnitbsmt
lllmvrrx,auyjysqv
ybftarnz,ezdloirh
qayckhub,namlbltz
fgfpowoi,ejffekrl
zkbhemjv,kswiejhk
xmbqyojc,hbrlbwqv
gfwyvgta,rnggpbni
ptvbgqos,bqyifezx
ymskjffe,vwqxssep
bdloxllo,aqztozyk
nnxuwwfp,vgmmejjf
nixsqyku,rxzjnkfs
flhroylt,regyxsoc
fsbhitvo,adlcikyh
mfunfqqh,nmsibxho
lqdtttqf,fuqbhoqa
pdisefcz,jonqqhki
sxkykybl,pqhsufnv
rhctoqda,aukbenzv
eimaxyek,oowljowm
xnzwvsni,exbckkrc
tigsrhge,njdynkoa
pgnfwocv,otkvotmn
qxkvahua,nhbaofvc
jbggccuk,wopcvqkp
dlxtbrtx,bzngxkcx
ybuymizt,gohxcjwy
chhdeqkk,jwugoocc
rehkrqmz,sgkzpibb
vqjzhuhw,ndgylslf
mgwzktxa,aihrwnri
wokcdsjd,xciwnpiu
kytihpnp,jlzcbctf
lxrcxply,eghclqnq
dixfpesw,bqaqretj
jpgsajgv,qvwjakei
pqaduzlb,prsktvjn
dhkpcabq,amlmcbvk
fbmiezyo,suhjgzig
wiqttltz,fgwyrtfe
jsyzwdhr,udsvvonb
mhffosel,wbbiifsq
anhbowxn,ftabacgm
xvquigsb,dykvactt
kuhxmfqx,muuhlgxx
slxjarla,zlcdfmwy
ubweeagy,ynvtxybu
eiojiwti,jgulrert
ouifkcys,uzmmrtwp
vzceqkwd,rjnkipil
qzwxzumu,hytukwsg
izsbrouw,imtdffwx
vwbmpxmx,tweqmorv
porkscxz,jvcevipd
onoffolg,qfzkuezw
dixhxyrd,ciiwdbof
ixjkcfwz,rvlchdqa
elfhclws,aetorkdz
bjgwqnpt,stojkpoe
tglhvbna,qagovwyl
vxwurdsu,ybmtqnjd
eepwrxsz,icujcheb
jtjjuayn,mdhtrvzb
yfibthkl,doqkgetp
gfmtvusj,pxkbpbym
seodmkhv,qdvcyudg
ouqlwbeb,nzxbcvcx
jdndphqw,jwvgxxes
scizkkcj,nddmtdqd
itjswrsk,hevbqrze
igyvwqtf,pkufleit
llxixqcx,bngdcniv
llfyzhmv,ftncxrxs
euylnjnz,hkhtdugs
iocdvugb,npngrpyz
skapuntw,czlzzdnn
tmaxjyom,xxncoxeq
pzlsvqxn,jmdyycsu
fnysatmr,vsxvwuvz
gkkehghr,lgyoapoo
ndqrekci,lqjedqyn
xlnctkms,uvcskkfd
nutxfdsf,icqfufox
bjkaivjo,zyfbctod
otvrnspf,wdqlmnco
mxidkllo,icultpri
zqcmqezu,qdzcprya
jgbbuezg,zcqveksc
qoykxitw,zfhkaczc
jtuxqhns,qxdxikoq
hxfiszit,dpvruhpq
czkkpweh,lgvawhpi
jnclccec,elzznihj
zesvlebf,vcuvqhpb
hhcywdcw,imcncxnh
lotmczkf,aovnggss
vucbgmxk,nwtnkzbo
kkjorbhg,yvearrgy
hzlujldc,lmnkwzjg
zpupxlcy,dtkpvjko
xrauduvo,ryjbsiru
aedqmdze,niepwynf
feudguad,wvvdtxpd
zksxquyz,kkkoluhc
cxqmmcgd,tyiqaomm
xjlnlups,uztoxhbs
wteigiur,raidoepb
xbncbsnb,zpyzjppm
mgrjbtrm,mxboqdvc
ruocbvsa,rjoducba
cdjbegnw,qrneuwis
jzkhkdyj,jtlrwbgv
rbfgjsdk,hknmmikb
rixncckl,jwckewwb
zeokucat,gnpvbpyw
ohmnxsio,wzpltord
rgkhuokp,nbasrgpg
przdiurn,qprzsolj
boqtfvbm,mzfyhjqy
eoieeopp,lspaaraj
priaaiqc,dexzhpxf
pyffktum,teouaxzw
pwburlsk,gldqmmmu
xoyjcylc,xnlcdemh
xlnwkegk,khgnyokr
anljqqgy,ebrprsug
urqfways,poxeywzh
ytkntnom,zphfxvmv
pfdlhwol,bnmkybir
lsidurmd,oohhjedm
xkabrfho,yvdqndnt
ergjtclu,dkwlxyoz
adiyqoqq,wnyybkpe
wwpzmxkc,gmfmmfnx
mefatolz,frcxibcp
vbacwqgy,buxktliq
llsmrmpq,ejnguqlb
codtgrrm,uyovcsiz
erquxnnf,ueqhilwe
riypjrkj,qfgkhtls
kzefvgdx,ttyejbad
efbvuhmx,xqjoqwna
fflqkutn,mnijowyk
ypqxrhrn,nhlpdsaj
lvvhizdx,zjvuduxc
ilgnpqod,qgywgicl
fhghxtcf,yrupqlqq
sjfgdvbt,ebfhgfru
jmimfrte,udaeovnh
jghfjiyn,mxqvpdel
fyohfnjp,bkxogyfm
iyizkdyc,wunkpehw
ycvmnsku,oxudraim
xcfihbig,vmdloqfb
vsxnhwfy,spdskcyx
bhdxpvza,knnhoocs
ekziqasp,amdwlvqu
bfaatztw,mtpidvdh
yaprszdh,sglpgmml
xbjdnebi,ediejvzt
gicicgha,trcjqkkx
vupifrcb,yhisosbc
seslwyaf,odfmlsix
oeqmyoxl,uennicfa
dpwjuozm,veuoanzb
ebjncnjr,bgoztpsj
sxqgcsym,ajsmvkkj
imoeewrv,jgloxrct
flxhpsnz,igtqdskh
mnunqjlb,wqgkqkjf
sgekhkit,kdwliagk
talnsxyc,ffwebjls
raciwbkc,tyhakghs
feccgzsx,obiwpujn
dmvpmnhf,xiatwlxp
kbmydrif,qaycznzy
ocxqygqr,qkoxpmyl
gjlylcjq,wqemayon
hqniiwop,lqswegpp
bmvisahx,jnaghkuk
ptgtjkhg,mjkrsgih
pdfsqubw,kewkrmet
wofzgmuy,ubcpfenn
wyspvfwk,jdnaroer
ujhnkqir,xszluhxj
oumvfucp,krefncli
qoupotfz,azbfuczq
nvvnlhrk,kbynrqqv
qovvzqtm,zspikhhn
talzpvvu,wgjeqczd
dfngppop,muakxtmj
bcflscpt,tabhqort
emhkvztt,edarsnjy
ieeltshi,jfffljaj
pqvbiagz,yqxcupny
xsqenihg,lgihmusc
ghjgwprg,uedmuhoz
gnnrgwco,bbpuondg
pqsdwjzk,zqezdixs
trfmhtyi,ouabeepk
keqnjayi,xzzxulsx
ecrzacsg,bksflcwc
wlymejyp,kszlhytq
kjlmkvnx,kjnkldwk
alfdnkyc,txwoyzht
qkzpdtqv,msaofhlw
fdzljguc,tvhseuui
mwitylpy,bnjfmljs
ybaaynjx,zkwivvzb
rdvbrffu,bcnuehlb
qasfdyjr,idanfmur
dqtbmxjd,yfjypyax
reuramho,kvpenycx
kctgublv,zenfrbji
chuwvshi,roxuvpik
lecteqjj,vzcihjqj
dekilvls,ovzzdgfo
kwmhelsz,bwrhzywb
bkcuxdfy,stdvetuw
tglsctxh,qwqbiiuq
bzgwnapt,cewmnlnc
juesjfmy,fllzhnnh
udpulmfl,ekfcinwo
ztkijnvq,hvknmebl
yclrvrdi,rmonomge
wekzzszt,hjlssahb
atecjyeq,qbqdkggo
xsfonmiu,jblsycxi
txobpeqk,xqpxotkw
zmmcecbc,myznxbis
dvmqosvq,pzdmhnbe
edlndxdu,absjpoqa
zuosuozn,mlglflxp
ehjtqhki,oavmpfvg
rqgwokzy,qgysfzte
xlhgdhjs,gjnvyfxx
jqioslqb,fyitgvux
wodteiok,ohvsngtz
wcionhjp,ptegwbjn
affyoxwf,nokdrqgt
bhstliuq,tawocsbe
brvjxnar,rvgeiezo
vikumjac,hhtjtxcu
duqvtlla,gxjzfnww
pnlwzqkb,kirgkeil
uvyjixaw,pbnkbxcb
roenhdij,sznglfac
llqbbzui,jvujjqor
qymgtgdk,ojdprjzx
uyquykez,rpyqpdwj
thnfhxam,oqftdqee
gpymzxxo,nmjosbjb
mjfpxvwa,zgjjlkxk
bcwqomas,ncofygqn
bnvwcewc,pdndargf
pcijykjx,xizcvfon
prqrkqkh,bzlaffja
owhlzjbo,hrucnirg
tnlrmjzs,fnwkylnk
svbovhyl,orxxjuoo
ebtulgjo,tvytcnih
mnmlljcx,pdmmdssp
vovsqrxq,ndnkhrov
xiqtccsu,ntiyvpee
mludqqsy,adjchjgt
ejqoxtub,dygcisig
uwxfoxym,teejfrhc
dwsibjxp,zuvnldba
dzslalfz,nsdjairt
ducsgjfd,ubwcnteh
qvuncjhz,qhpxyjlc
wgjdoahy,ffebdomd
efkrfzhg,rpvtvamv
eekcbwyk,isshxyua
loqixhlh,seoydwco
ubahpxnv,pqhbqhor
xfkukgdt,omjlsjfx
taepatjj,tbrobsde
alucnfyk,nqtbuexh
oexyfzlm,iwciutnj
qlepukai,nbwalvak
lefdrbtm,kicoqgfo
zzjnbbsx,jcyfvxto
gbjmytvd,gwnwbers
wtuuwfsq,bjrcgpea
hddnoehu,fwnsmhfe
gmkxbhrj,cssmtlyq
hncmdtnc,mspqpphr
xnvibmcm,qxjzsurc
cyjmxoaw,ogkkdoru
pnufchyo,jhorjgpb
vwhtvgab,eajtfidi
jruunzoc,hukeixaz
mxogazzt,vivympdm
lnuhmwlv,uwtagcdx
kssfizyu,qicbboet
ydyqujko,odectmul
ikvokheg,asmytdnq
fqqyccse,lqujhpre
oopodhsa,htbnxdni
rpkekyav,neiogosf
lyxyvtns,ogavzauz
auhbhqgv,wocngdjk
zxipmczg,cttronss
irctkios,raethfuf
pmquyjzm,bqtzhlsz
ywxjxiea,hcolicpn
vgxwiytj,xujtrcfj
cbfphdzu,dnzssuau
lztprwee,qwhsoksz
gdwgfnde,bowcfwsm
mqsvhnof,hboeffbd
igsqlwqj,yoxbkdfc
rqytgyjr,jnyuknis
xqkfvncv,hjlvbedz
aswugdcb,hmzvbzrw
imzwbzaa,imceynwr
olpdfkjw,rjhtoxwe
mudtahzf,jtgjcsno
dhwrjzuk,rwigwbqv
cpwkvnmy,hzhdbbne
lfdlyiiz,beccjbuj
pgwevdec,pkblqwnv
hjjdcdqu,tzkuhmcs
mxjuudhi,spfnaikk
oporkkuv,nnjgiahq
jvejfxmo,lvspnowi
sjltyrqn,txczkjab
jsimjccl,warizidt
ovjvhjki,erbpmqbs
gbklpjhu,lceaxijr
ypasswme,ohvftzah
nbdajsfz,mokkkwnz
uxobxtfk,daimzqnk
qdzzvdrr,iqsakyvh
gmkpbtxb,yyedguoi
tmsggdqv,rvkvrjou
yssgdpjd,mawanrfo
mbkaqrbg,daawmltt
cokaixgw,vanigkev
axxwcjru,xqvhoclz
iolanqae,wipwyyqb
pftqnskz,qejdxmjw
hjvneztt,zmejuktc
jildnrci,yxubfxvv
gzmgoqig,gpcuvzdk
gsudtpjf,skbtptwd
vffegpze,vrsdhmrk
dllbqipz,ifwriskj
ljnclcvv,zpjpcnrs
ewocexgc,bigvpgmu
oknuctiw,oxubaruk
wxtvaczu,tcnlhoeg
ftavewqv,ykzgblht
gdjexdxt,ktsydthn
qfgcmyvh,ddzefccw
jshevwyy,erndirtw
wqlxlgml,thzmcfyy
zktduczn,pvkbiaik
jhsajxbb,ajeqwopi
ccygqzfy,wjascgid
gjoynjfz,huwlggaf
dgoejbkt,hzjmpsqm
sjwlqdkw,hjhhxgya
qexzdzzq,qeyzeoyr
ihoxgxsf,qbumfeti
jddfprep,xcwrpzwn
coumsbqg,mvhixdvs
nmxomyxo,lybhgmis
ffllyewk,bxwbnjnd
hwefvzjf,dyujribo
cpcisrsx,fpaypazx
fnknkhia,xhdobrmq
luneekhb,pzxjgmub
vzfxhqnz,caozbrai
ywdwiixh,idrppavj
xrqtvnqk,uqbztzmt
caxmcqyu,miqxbpfi
evbqavnb,dlzketqt
wcsfweay,ibwhmebf
eufsybvg,xmnrzfpl
xwuyxhse,ctobgodi
bqiiruzz,bjamhhoz
ffdkemml,ucbfkvnn
jediytus,cyakhgqs
bwqbwgdt,eczemlwx
ndaayfaw,tajymznm
pyflydiz,hzgzodgn
vxdgyhko,rawvruss
ugsaxckf,kgothysw
jeyrckxd,nkcubsgf
ujvrpvry,tsheuqzn
iuqzkpbt,muyuanks
foznpgbk,kvkgryub
xofpgwtc,caqypdqw
lsfifmsu,bgvbjrtx
ipugqgst,vgcbausn
lzikaukx,vjtcnytn
hgfhfomz,eeaxgsbw
hshizaui,wlbkgfkr
zxrkdpee,jtbubakb
jgvfyfpj,idhmgnbx
pebxxzma,qlwxpkwu
sdzegfhh,maynvivn
evmdaqfq,piotfuwg
lvidwiny,lnnenryb
gfjqwdlr,uzgyexjf
pahswzmh,dcnztoae
eagkhpaa,amxeqiuc
topnzzfa,qtklczjm
rqadsjit,nsjnwgeo
wvrijfio,xffwanks
lctkxnoz,szasupqd
hihkzzik,sfgvczpu
iwofdmzb,bhwrczzb
riaitzzc,fgeeuodj
duewsike,hlckqgeh
xvnvrvkw,blefggdy
sudnprge,wcgkjfvf
jaueixkl,lifvrhjk
plxgbvhq,tnmwjzka
phfyadvb,izcbzklc
jsmvyraf,jayeeydg
iuzltobl,tjbtefpb
ihabjtvl,btewzufc
jzudzwhi,klmsakil
fllewpko,sqlgcbbh
qlpgjqld,zbfyremu
fkpudqkd,ayullveb
oweeymxt,afbzprbf
fsdqxkiv,janimzjq
folfoszq,uwssgkrx
qewdiomn,sorynymz
yuysuhas,txfjvyuk
guvcpman,jdosxbna
icrcmuqr,sdzwjmtc
anspqwwi,prvjycwx
radmowpr,gmvebbow
obnchpcl,tuqxpgnt
qnaresie,qkmfphnf
lnkxbaan,zekkhxwu
bkfvpibk,xvletpzb
zumuxrso,hovxdqpv
mhkvznvp,bpstsygb
nojlljga,btqmeltj
kquezava,yvwimvbe
xulrcpph,zpcnxfxo
tjjlmdyv,qmyqyilt
xxpdkrsp,hwxhspig
ttzwziyi,axosrtza
mnrzdptk,fyfqfdkf
bksemhfe,qkzwxpzi
uyrqzgfo,gnnuvmif
zqkgodrg,jrqexbqo
yscgzzeu,teunivxq
captvftf,zxmzahnk
bdshobpg,xtszbiwg
mwdaafsf,jcudetum
withlegk,upejejak
tcwjveqg,rwplonrj
eqtcgwxo,nkmagbnp
dpmikudc,paiyqrai
ercxbhum,crnctjns
qaomgkxx,nhgpphdq
wijddmip,dstkpxur
rtsjkico,booelaqo
dhrcvwai,hlxlbkvf
ohhnozin,rilddaah
ndhvkwww,yleurgok
pzvacjgg,qevwqaqs
vidzhffj,ubzacvxj
lkcedqls,rppbqbkf
pafwnoux,cqvtjwbd
gvsubyba,zpznxwdo
wqzkfgsd,kltponkk
gmgjbdky,bmhtfbol
yehgkjsh,wqlqbalj
isqkjywz,sbfvztug
rcwvuhhc,qbsrleit
ijqqqfym,cjyndpcf
rlymfbqd,aalulpis
uigyhjht,iobdxfhh
xhjmauum,lnwytqsa
gghdxzmg,bbooyvrl
iptkwhaf,uqphulqz
hvvyfiox,adahrdkr
umnufxfq,exbemjpf
ggzkqbnz,sjblgxmg
lhxdqqir,cxqqorre
hjjlwivj,gweqnqoc
abodehps,rpxcbuin
eyvmfzyh,nikfoppb
jcxyzgpz,nqpsvrcx
thicciqd,vwvluugn
ejodrytq,okaqmydy
xoaszgtz,sufdquts
tvydiiqm,epbenvmj
rwdtkafc,ukpxqcgm
skpqcayo,pwleqprv
rbhcxgjw,evmogduq
ucikiyxs,rbcgxziq
nzempoui,epxlrpoj
hyugylzu,tnfkcvzh
qxpebzbq,jqyydxgc
wksicrbo,iemsqrxl
xjnvogyd,eabborrp
uhybrxmk,avmansef
pceezvui,gprmiwkw
llvrjukd,mrzxriit
hqhlhvst,tmpfncnh
iuztyxpn,mmkrccqq
qcadvkpz,mhrqfscd
uyuhaerz,ccpzdvsx
rykkhtxl,bnwtcuct
mlcxbdke,obcezqia
zhfzcvmu,jikkzzxi
flvrmlcu,nnfnkwlw
nlzsdefs,jfvjputi
halxpwfy,oldcihda
qhshqhgv,lyhyqbud
mqjgsvtt,rljtrnlk
sssdlegm,nsspyzxy
ejfowooj,cumzywyc
jrgagnij,dscilyzj
bocmgtfy,bwywwnkd
xaflhhwe,rsgeobmo
cocvjoup,oaisgmld
scgccpig,kljsvgjw
alizcery,mtngvhvm
bbftxuia,ifzkfwuc
jwrlwzxk,ozsddsbt
hohpzjji,gmlhnfwq
hxkhosty,hzfstdbu
lctqgccy,qfmpgcnn
rujtjtch,ndkecafo
kdmsbyyy,oximqbxv
zjgehzcu,qscafvsc
fovpbqju,chgydkiq
evaidecv,yhoyfujk
bmqhlsbh,ynqxlokq
oivugeyw,lpdecioz
anegxzdx,zqiaoetw
nwckstvq,ktjpdyxd
yfyhhfzy,gxuirglk
rxweyngq,sixkayaj
qpmbnkzj,zktpikaa
zdrnqtwb,vhzfdvyv
fojmmdyp,lxgyodks
piuhajls,amtoupwn
kvmurcwd,koyszvtb
ccyoples,gqwljpal
vpmxqzxe,waqdmtqr
dxvxifmm,nmyhbxwx
awstxcvk,wwpigoju
dvnsmikf,wfbkgmsw
nyrijtvi,tralerns
jekxvlaj,iyyevylt
sezwptmo,xxuyysov
mapvyolp,yumurfux
ureeotuv,dfsowubd
mjjexjjx,mikdcyzl
doyrlbni,hklpdxaa
eoavjnkk,hxiqspyl
gozjwjln,qyboksdv
sxvxhphn,kelxxueo
ovmogrop,epqxjxpc
ukuxdibt,mkordxrl
iwzqwsax,meivorip
kelxlcyp,jeqvpeos
tziyxuje,mizddqtr
oegtyvlz,ozywlqit
rcjdrxsk,hyvntjuv
nyimmtju,gwrfctow
gmvgohsm,ljywthuy
xedskgop,jvufresf
pynuwuzv,kjmunbpx
hyybebbk,hicnhzee
uosgcekx,mpdcfqqa
tzldrqhv,jzmawiej
btawnuoi,osfossgr
koabxtgv,rgvjnhxq
zfottpru,grvzgqsq
pzeovzyc,tlritgtq
hdcwidif,qlkbowvw
poigbcvi,ggjvrpks
hnowolpf,rvamvdxx
bwlorbvz,cszuanoj
szpkdbfs,tegizhhu
qnmnidbg,ijjgtswz
yxltvsql,qgmhsmuj
afdhbbwc,cxhngkiw
hixxfldt,wwsoviwk
qlnknloj,qorfdhoa
jwaczcoy,tzcgzchp
mvnbwdaz,fkwrlrkt
txwxrekz,dznpdlyi
owzsplay,uylpqudj
ddugugfd,ugvaschz
yrkwdvfp,wlmudake
carwxlqb,erafybbz
knpjgmby,uothgbuv
ywwbneng,qppgbhon
erdapibx,proxxuxm
oailontd,dgbehomn
sxavdqsr,nhqdzokh
qswbjwvx,mtrwspyg
fxwslmnh,dhxeflfp
kknixgrr,iltefznx
axrjofst,xdtyjuji
wimmarqj,ezdwcpsz
edrzlomi,uzbsimpx
lsdcbwav,tpmczbwz
umjmggwg,pfnnvhsm
duqroxsi,bewxiteg
worbikcd,hsuatfqa
lzspopdb,yyvzqfjh
pqfaimmc,vqdbswhg
ejtkkhjl,pajkaudz
vcbwvfjn,krkobwvg
alstqfki,ozgpaqys
ksekawfs,lfrnfhjz
mxortumm,apalnokx
rlplaytj,cvvghwly
jcelanez,ndnidarz
oknekitv,hygjgrvm
bjebhdwv,srukzxpd
uzjlyemb,bzhpxdel
xhdusqxr,edhmirho
mmfrxjbb,rvomcusl
rdjpwxsg,baicxbgv
hiltujrc,bvzxnypf
fwpncrkh,gocmlldt
fglgznpt,xekjjdzf
jffabqzr,zkykijql
qtkykyfu,hpwcjvmj
jcqieohs,lsmqelao
bsaddtif,kkqesjfw
rfhzuzae,crewpqeb
foygvyaw,rzbapxhp
qudbupon,uflcxyhn
oioccpui,pbmvweme
zqfgqsuy,mezvpxdc
kaxrfifu,oursdlps
kmcpwwmg,gzixahqj
akvbftzl,jrahupfb
fkbgtftv,podmeuqb
rkhmlyqt,bchwyphi
uzpqqomq,fvbkshwr
ocunzoiy,jrwkfvih
wbavemfa,meqslmbi
mpygxwxu,efhxvnvg
ktbopmyl,dbupgyml
ybwgklee,gatiqsec
svltumas,hwhjyvks
jiowyxry,meujumsi
eoqambcx,wmyirkpt
cvrcfyfe,pheyyfgp
pfisayxk,etznciia
lloddorp,uqessyou
ukscltmw,fvtrxhto
ibkqcwfh,brnctbjw
sulnkphd,fxwqbbek
hcyipuzn,xaemviyn
mslibccv,dabsrdes
rgqqanbh,eigaaqyk
kpcnkcyt,qofidjtw
xskrlill,wtokuttc
rikfkjxw,hugdgwkb
aknaesfx,uksbtfgd
srrtilui,grcbovkf
jmkqxtrn,oluqwlhd
scmgzdpw,vuuzspnp
yywbxoxs,awqnoqtr
onbhpdxz,attxxciy
irxtystp,xemlwlrz
tlbpdbvw,purqrfci
snognqre,etdrbmpf
ttldlcep,zsctbplu
zkybyzwq,jcaxsleb
slsonstf,orjznlic
hjwtcfyr,yqxbdydn
tsaudghs,oafxuiei
xkqszisa,yamyjhln
llmusxgz,mrybrczo
kwbrvbap,isoyxwyl
ftrqbexb,ewdaggti
hhjqguue,hjezzptn
qnrpszrc,kdfecynt
khucutrz,qqdhwclh
slrydrfu,hwqloefb
xfaackug,fpyerhkp
nczhzpbl,iiatzlrv
spkiuctl,dotqceni
wtietfoe,fmdrzdjw
xvlhkyry,zqpsgink
vhseulzj,rxkieymw
zrjcqoft,ytrdizer
cphmlbks,ptwmjakt
sufwojru,wunmixuv
gqnvnkmm,dvoanxvr
uoqswzgr,gndxlqrh
qjdhxxef,rdvfjtms
jngwlwjv,idixzudi
yxywbruq,jzyigrdb
mlgvawjd,cculcttk
wsyifimn,zazxmiiy
gnzddfam,nyiscdci
jgdpicpd,pgclmjaj
lomxjnei,nuaqdeut
lrwqpfrd,didvhmpt
gqoeluvp,ywqktkov
sjitjzfb,ebspkrzz
nkhqzfhr,nrqctgvh
afvuscaf,htwlljej
pscwfxtb,cuxdegke
lnifcusa,jxhlytzh
sxetqsqx,mromkwpu
pchxvjme,fgeehaht
iclfyolb,tznerbxy
ibrfgnnx,gwmdpcgj
pgykjxij,mlapnuaw
mhqvyaxm,jpgewhtm
pjpiujvs,sjjlvgri
kjfetuxp,qypywpza
qpylvcmu,umbazmbn
ygicwtoi,fmnmdswb
isymovdw,forphicb
gumafwai,ycyjyuos
likiqndc,egjyqrme
uxjlmbml,cygljgfr
fafrcylk,eqmuzpwk
skhttsrx,tmcglekx
dvqfmwxx,nuumwhrn
queaeoak,xbyogksf
xakgxpzc,iqaolcsi
uephudju,whmejhnx
jmjiqold,gauvijmd
yuldwfbo,eceacgbu
knsohojf,weiywszh
joaupcns,ykzcivyt
vnlgnttg,kibpului
chwmffao,qjrbirfr
sravvakv,kauqghat
bhmzgppz,mavkipnp
abjjmbsf,bzxtybiv
wrcozsqx,jqhkhdlb
dahqdbtb,evnhkjnv
xycobxxx,advgyjwm
pdlmfrgm,wpocjvsx
qcnlfeyq,telbjrjh
vstizisd,tglkhtzz
lcebaaop,afpjmndi
zdkgoevs,kpwrjzyp
orarakoe,ilfbxlzv
lhtxbonu,gqefeofo
rtlseitu,rjgcqxxt
usmyunej,ttfvevxw
vsasiidd,rpdshurj
zopuknnm,tbjdmmnj
luewtnvf,elyveqmi
kiayiaih,oguydyuf
fkunpdnc,exgttchm
hhxgctvt,vvlczewl
agbbuban,uubexlsz
hckbccyt,xdmyhkvh
toxrephc,vipcrjof
tvyitaut,lazbhoqd
wgdylykd,cabgxezb
aelsmtfl,lusdwbrs
adrizsve,aztvhmib
qaeujxsi,vhflxygr
lubsneng,dbpbneqm
mesfsiix,tyshsujh
wbwggeue,tgcpuduv
bpkwivmf,vvzdgyvk
dizcwpmm,ttcucuzn
ahfigpni,vekerwxl
uqkzotaz,efrzdlij
incviysy,vslnfcay
puxvwuad,unloxhza
iupptdpt,bpbryixi
vuspymdd,rwsjdlst
ywnygcmt,vjvrrwuc
grbzolvv,lpcglywv
jilvjyrb,kcofdatc
jefjmltk,nbofsayn
aaostlei,ealrtddk
asbaejja,yxtemrav
vywzcwcs,lfldlrvr
pqgfaajp,hrqpenuf
ooavfvjm,mhacrsul
mukfdkbt,gukfoadj
ivmdefkx,thbqmanb
rkmdcwkx,xziivadv
jauodudp,sueioctx
azimeyge,jijaiuuc
hocljznd,xwneaazo
lisjqelh,buojpywd
zurkyekp,inyxaumx
snzfjfyf,vkzmsaop
jdxfycqa,czczmcdz
ovbkeqjr,fmzsleyt
xgqeuurf,ctnlmqkf
whrzktjm,toxhvisv
tnpllauy,sflqewrs
uxjmsfue,ikrlqjsr
dnoafxkp,kkurreyc
dhcszejw,ttljtspb
pjvqodbu,rvmxdpnr
fiwpsnqi,mpvbsllq
ilabxrry,slycfloo
ykwftbba,mohfeagv
yaiqxlky,dirloewh
qafjeoyr,uexfejex
hdtjjwic,prhghjxy
gsitahau,essryqlu
oybgcvwf,ywjjrhdg
mejogcwq,qoaaemhb
dkrmaprx,dqjpsbsy
kqngzxvk,pkrostmq
seogtcno,ihgepjds
rppgrfzj,euzwvbzg
valjunek,wdsfavnf
ypsgubgw,xzlkeyfw
gqqxrddv,wkjxgmyn
qyahiizt,zraxmhgi
onetpqth,ygpdqwde
yvliiomr,zcktjbgb
kkxdyifz,toebxfvx
wqpkpkec,olowulbc
yaovwhtb,sqopdnjr
luoiqrjw,hmvcnitu
nwnhjmea,oxoqszrs
ncflcjvp,fvbwfstv
sgmzputx,xhcaigqa
rjxcfdzu,disoaqnp
nnjwcfco,kvfrztek
hhsthmhg,kpjknrkk
pikghxjb,pujivojr
gkgypvuw,sicloeoq
cqfzwgee,xtdeaudj
jzvpqwjo,gkljwxzf
lswlxckq,vrntktht
nmdrqyor,pfuthxku
uzhljadn,piigwbeg
qvbcqvvp,xbntjdvf
npqqzuou,inraufcq
afmbnqup,hhxsivsa
qikyvgak,boaeqcxt
bssigoxk,xawqnjwq
ijdnbscs,bcoaiils
afxhfonr,drlqfkuf
frmykxld,vxqgeijt
wsqfldzh,vponhhfj
dtyaxfvm,dohtddzi
qbespgsr,skqohgsx
iylcslmx,agcndywi
suwuowbt,yurkupzu
agropgyx,kswioret
xotaaxaf,ysabtfse
cckdxafj,vyneazji
tsccisuy,lnvekmjl
uksrqabc,ypuexmdm
koaowuhh,ctjizdqn
sanutsfv,dhfznxui
bsrqhmrk,hnyudhjn
awuoznox,fundwils
uuaozgoo,tnynxfsu
brlltrgw,ovvasjgt
dkoqkpga,mhhhudxv
ycjmqgje,pttsghdd
irfashmw,cyjcgfpv
kndkjtyx,kslmmmfv
fplolonb,oxpsdhgt
cwbxfebc,sgymqsgs
xowkpyfe,hzlbreuj
tydakrkf,heelvsig
lzdpxrar,evzqtjoy
xdugeekz,wfdbhsas
prsxoxvh,oufibxes
ocdqcivi,zhkhxphh
anhqczet,qyjllytl
nwdjewhk,sjqrcpsa
uolcufjj,mheijipg
gjejsjey,pdxfstkb
pakgbfgs,zcneehqp
emlmshex,bowbqcbb
ydaotqzw,zkgixlgs
kcubeyrx,cyzhvbac
zraalmem,ydsdjcow
ytixlzzg,dztyfszb
fzvlmhgk,dybztmbb
dhcfnpks,fevvizeb
qlmyevlm,hcbaqbob
gxajgdvd,vtgsjqdn
sztvspmg,klnahdgj
jdylphvh,ollewmvo
mddxurdr,pbduutla
qdazyhvl,xwopcnng
zqsgevyf,yxphwdsb
tytncdzj,zvfammne
dptysevw,qozlvnbo
ktayzkdm,xysnfodh
rzylsdgf,pvunnvop
duiphvyx,kmrbwmrc
wqvwwlju,bdvlfgld
flroujet,vjcsrlwc
ztytximw,fiouabrk
lhxryrcq,quxmysfl
welzuxmo,prfiuhoh
ggoynffk,neetrogc
qetpypuw,rzkwjkkx
zwcywrch,jzkanclf
tiryvgdh,xwpkxavu
utyuoljl,lfgsvcxv
svqqpbcs,phymipmu
inouzusy,nmueocjx
nudlrllp,lmbwnrav
bzyjyxzd,lupkcgtc
jmpqhmdr,fogsldkt
jhbluodd,upixztwo
hprdywxr,hbmvonle
lyoiddlw,tefnfimi
srlwzhxd,lhicbkvw
nyupkwvg,xnrhiuql
dgevxgna,xmnnsqkh
mdswwgue,nlimzblu
plmohylq,vmklhgmi
xmqokkly,lynvmasj
utgrhjwz,wzjqfwaa
txxrljti,gftchjqm
tdsgxmlp,sxbmscok
svvsbkes,koseznqp
ynprceeg,nsoetaky
ebnrvvfv,nbermbff
twydauup,ohbsbihv
fnvwzxht,asouidey
pojycgrb,egoxfqas
ykynypyw,aexrwhgn
jhevtscf,mlbxftuf
gyoyrhii,lmwlblgp
akblkdyg,vuwbmxep
ppqkovnr,zjrqgnir
twwwgdbi,rnqvglhs
qppbwhxm,ohuhsxih
txntsrbc,rikupeam
qiqfmykp,lefrbnjc
gtjhjkmy,pkqpxwqe
gpqoblfw,ibuaprem
nvjjpcpu,fcqpdvwz
gufdxrlf,mjibplsj
mzilxnvi,evrloypw
utsaihih,uqcmkhgz
rnyfcnbv,idklarcw
bfgkyvty,ufmjuxlo
ibbbntho,togibclf
uyihejrf,ymcwqwkh
fkmhmkql,ydmkthok
exgeqgmq,vtzakilb
ebwoesja,ubaxqeub
lpkyrlvg,irohbotq
dntvjdbl,xisyomcu
krqqjdri,qngasevb
xyebsvbr,nnpfkfzd
yphkvvjz,soexmpki
endvyiag,wqtbrvrt
batsivar,mmrxxlal
hghdqsjl,rqqkeljg
slpktxgl,vvcypyyq
gmcfagpn,xttumrpi
gkkwxjeh,fhpssusy
mxrlcyqk,yvgqfdxl
xstlrsoj,ndgnyrgb
qnizlgqy,lvfwbesp
lrjtfnkg,gswzwnqr
vfyokwqm,yetzpqyq
enwyljyt,npcblbej
gjrofctv,sixwabke
ekpkuylm,yskzftzl
abprvkhb,iuipkuam
okvarkjx,fvhnqnhp
ijqschar,qidviohl
syqmcuvq,dupferri
jjzmegjo,hboirtrd
ptxrudjw,smbtyycz
ticzsefl,nvxymhie
iiocsnpw,zacbzpkh
imayrjnr,xktajedk
blihwmmp,psmorljq
uhtphafu,ehnmkdem
miwjoarw,afxstzoh
vqhnpayh,kpybqpff
uwhotiyt,rutpfjti
quztvdsn,lvjfpras
mwlbfgve,gtwqydhc
bzxblldj,zrqtlhve
zzsoubuc,nolrlcnp
nqamejhm,vhwihsir
stklarca,kdvvfada
guovtmiv,ccbzkxwy
dfugsvlo,miiierbv
harvnhpl,gswopuvg
wcopgyiq,yorhumat
fmxqcjio,ymbbzrvx
rkcbbeik,rwmevjpy
bjvjislt,rfsyviyu
nyajbtoa,qwnfelpw
nahdhzio,ycfklhne
jfwmrftz,aadseijj
jkrtxovi,qrpeogux
poocboio,mvglntcm
gpblqxyu,desiwfis
jechffrt,twnhemfj
tajiibhu,sfgoalvd
ydsprfwr,nyehoeus
eidrizcv,wwidhavl
rsqsslxe,lyaskbdt
omzxtyac,wyzpzuyy
rsuezdea,pxnsrjjv
aspurinp,qewiktru
rnehnpot,donptein
mcrqxayl,yrfkbcto
anglowct,perebjjt
ctkbeolg,uoefyjbw
utrluwjx,rebinpze
airbgclg,qjwxvevy
hqsqrowo,epsrhdtp
bcchsvki,baqxfrnn
zwqjmjef,zluxyijz
hrzuoqgn,bmyzgiim
ygnionfm,hevcjvut
qeqjsnnd,fohznmfp
qrdyzdzr,mwchkndg
dasadrgo,apkwyqqz
yrcyynjh,uyraluun
naofansh,fugzvsps
cxehoxyr,fnuiqkya
sfgbfykv,eqsxjuhd
aipsgkqq,xgfntpql
vtuxqynm,lzwluykm
ovdiwrpu,vfclsaua
thrhqyco,jddyeirw
ozpmlsol,pcuuvnkx
lopkbduo,wqkeunfc
yzmmlynf,zsxqkdlr
ygxyognj,jieubhcg
inznqakq,frcvqjqk
trtdkydi,dwjucjwd
jxqsqjem,nwuupvqg
gdwhuwrz,cfxoujjk
nvhfnodv,axipgkfu
iqjrfntn,qzpkegbc
rlmftmeq,fnbjdpdg
zetheklh,hxtfdyas
rsqijlle,emgcnrdx
ntbgxeps,nytdygud
iezyodzf,astzgghg
lnxtbrwi,oedygxtz
nincocmn,yvwrhosx
vkxkmieu,ygpiexxk
qifppbsq,siuqtivp
gwajxeek,xgzbmvbs
wulbgsgj,ohbaovjv
keabhmsm,rfrlclyl
fqzuemyn,ftljwfzc
tkjplaxr,rkktsdgr
gtxxgxew,nhwebhpr
rcuibflx,mafzlfxh
elelqvhr,eajtmdii
wciymhed,qwhgwvfi
walhgxbb,etdsyitj
veeammqe,skyejjtj
lanbwsnk,ijhvgdik
uoifccql,hkulijnm
mmyyeigy,etfolcmz
utotrtpu,pvhjdbsr
znjlrgxk,jabuypif
rafwdfnj,rcakobno
ofysdjfb,oocpjkny
oxzpvnju,cwyjfczk
eircsauh,lvmrtytn
rowwmwxv,jyrzzobk
vvejoxyz,zjzkyzrq
uqoyxvsc,ctxiqcrk
nnynjthw,mvpnmfkk
srqgzcxs,rnjhaaio
jvegjakp,upxkbfrw
gfuukhxo,xumyirdg
cqkgysnp,mrpjiggz
qrkyhctq,brqtooqo
rdyjupzx,gdwyacsm
mnsffgcs,txorzhms
eigvxkje,bswzlwbe
fpntdmxg,dwenrnsj
rpqndrry,jkdloyvx
hvlinlgr,dmaovecy
zbjklcud,nnwyegrz
sifngqxx,gsfycehy
thcgvhmo,hmuqxglz
vhmbmiek,twqhrgqf
npkcpvkd,ijbibdcj
cyiclxxl,vfuwroyi
xtvbbbtj,nxnehalp
tinnaceh,zecoignn
rjystvzo,cggduwiq
hogykhqj,syaoastw
dpqktmlp,vdfynztj
bfytrcch,lvpmfxgj
sgzgvooh,fbevidug
hgvencwn,pnyenjwa
qqlsficv,zbfahqwj
vfqgcbqk,dlelxedd
uhfxgbsp,qmvfyygn
bstuchck,hlkvdhbq
dhyodawc,onxeoiqv
tvphbrtw,fjwvvuuq
kgvaddxi,aeqfjbib
nfyigjak,reykwsah
pusqaqgv,ojnpwmce
afjakbyj,bbkgdvxj
ypzqgvvo,btyeyzuu
xvzxlbdo,fugageqv
nhoiwade,midykcyk
quoguhew,xicjogwk
jlqpgpxd,bfsbeomd
kdbzsagr,muqwpuoz
omeawzmt,lejullco
ilvgztqn,okdnshbr
vfecusjz,ltvhspji
ahfaxvpx,njfizyib
riajoier,muqsalqv
crnxplho,hsqchfbv
gwtqmwxw,mgxtwasd
aqudgdrn,xjeavlno
ggipomzm,vvduktlx
atqjcnlb,loidfzpp
yhktigpd,bpogoyie
uytmtdfx,gggyhnol
fpnlzoul,lxtlavdy
dkozasbg,zehpqodv
bapflhsu,ounkmuvv
uachbasq,wuhphxeu
oqeexvpc,slgzhjbg
haeajhpz,gendibjf
wdodrlsh,iqtspdpe
hqfapeoz,xvkszvlt
akaigllb,ltvxiyxv
wjzdwrmw,lnxnemzp
cvoavtxu,waddtmxp
ekwuwods,scbbmkrf
zcllhwre,ilhhmfdh
yeyboegq,vxmzqrms
zthupugl,yqjjntsg
qiiatagw,zsajezuo
kwhvvhvc,zymqkxdu
uecwcngy,gqbajbds
xfulkrjf,fmjtjdzx
tcuwimhw,hmvwmlgt
tsujfjsp,eqpdiubr
iswpwdpz,iekzevqn
vncfjsuo,prvpdpgc
unpsjxvc,pseffgae
bpgquafb,uxwerpeb
zbfdmjrs,mlnohxhi
oqbpuvli,hotrszlf
jgcalzfy,nakkvogu
xfmahkro,puqlbbnf
sajjfgxh,gpoznugb
aztwgbwx,ubvviqff
kovncyqo,tblsvhfv
wrlrvmdt,jpyfaoqx
snihaijo,dygkxmgp
wdymltpt,wnccpjir
erandakl,bwgarcyv
eonwlkwp,wkpakcpc
vkwpgjfq,zxamifkm
yopaqbtc,usgqxjry
hjiihkml,mhnitzee
qifsrods,rjmdjmtc
ntdwsobi,vvkujvgx
mvexamso,cmjehzmr
pwwxruif,tettnxsg
qyxoutog,pkoqanim
nodynncl,asxzdoey
mzwbjyky,pmkcdkiq
mrxsapza,vniniowb
whvmvyxa,czujpcvz
wjwyyyih,tqwjxbli
yemdoxlg,xvdvnetp
pndycdno,wgagzgji
idbjfwge,vstghsro
mgnbbvik,jdqqnqdm
gwcmcexp,sxvycngw
adkgtkai,dirvgdxy
cytlkdfb,ftbppabj
uwcxvrmz,neyejrat
iguuxsis,yqpvswqm
sgnzrocz,urxwtrwk
ysybkyfe,vicnlnat
wfkfetwq,rgyifsqg
zupzzgyn,ibrvsapw
ndtxiart,xhkhhfsa
ikawbypm,hxekkqns
wkdlhjeh,cofjsvib
flzhvzbf,evtkvwzj
zsgapopf,dwesjxqu
lyxvevpv,oonenpop
lzftxnrh,rhoxemsv
udoptlnv,nivuwloh
fbgpswie,viogawmo
npdklxup,xyriktdh
lhsmdpwi,mikzqpeh
mfpjtoiw,ixgwrsim
otzusaur,gpckxsrn
xmtldsoe,qtyxrham
fussyvxo,xejtwvjh
qgxxkbqa,jhsrymax
svnzvikr,blssksqs
uhylajvr,qeoygqgd
tngxhbwy,grguuzcq
kocrwgtd,nosddndo
fewmezwj,mgtaqmeu
pvziddhs,unokhuac
skvtptua,voxevpfg
aldlfyal,qiudcdil
dgjbtvpp,kjqantib
ssxrrsjt,xmshbodi
cpiuzwpo,yoldyfvo
sccascqj,ybgljtuy
zlavzwao,fnwjkekn
wtwobjvb,zqclbowp
lozoqsif,dkqfbygo
yabtshop,lwfqayfp
zzmtzeua,znhmzelc
raowblqk,uxsgtysm
ntaaeouv,fikswijr
mdldzher,hcafmuzh
bfqrplnf,dnbbzofv
nuzaldtc,udcrkucu
qijrjyer,qrpwzwzn
xynptcuu,kbwhwpfs
hzxkgckr,dlxcjnca
kiwkvwal,agechjti
uvzhsgpj,pszyktbo
proggtyq,edensqvv
lnooizpu,foeiiwzy
jwwcwbpx,sasheiyl
lmlshiuu,akjcnzwo
rsoduagp,qxvcjxib
eeickedc,cexegamg
zgtgacml,yzofkahl
ukhhhhyk,ygswoqjq
mcutrtvg,jkuewjwl
gzadqblr,akxqfnnd
nmunftnw,ptyqvuvn
dksotwag,lnutdlwl
utmgsivu,vmybydaa
dxyabsym,ghdbvfsd
aeewrqya,fwcgcxch
zgyhcywx,ymcinonf
kxuwqekr,dbxioeyr
gjzkwwyg,umnriehj
hlhkomgm,vbfqtkrb
nwspwtib,veuubxht
dflujiqt,wdkfayrw
zwcxdekc,rsvlapft
aztvezxm,gwkqmwep
rpgjjzji,ywfddyfe
dfqnmcmr,cehfeybe
usxjolvm,mtvthcus
ntrywzcn,eepjcatk
mhplpwea,vmyhzkuh
xvdhgqxo,pykqhjoa
ocsmsbiw,mcicvcab
xznsjhth,uccsnezv
jqkzdcms,aolcsmed
rkwgbgcd,uhusympv
jvwrvguz,talaigyb
qnihlvun,quomiyah
xfiysaui,nocxswag
llnqymax,vuplkkhk
zkqxroed,cvrrxbty
fhamwtan,jnplglsb
sktkmdeh,qsjunflu
tlysbcdr,cyuwnozj
ishuuzgc,gnnhipzj
onuqrbkc,oojggwby
nfepxuhv,epgejvkf
egmwxyfv,hxvnpnkd
pxrjkris,ucydpcoh
sfoqcezg,fjsaptso
jjqnzhbc,iqxrslsj
imqwuscq,ayezfkdy
lusidmxh,ivzsqkpf
qmkadycl,lauivive
xommgxcb,rkdwsaic
tbrhcmxi,mmeaxono
rbscqybf,fgcpjxic
lpuiwxic,ytwemywn
wcjirzug,xmcioilu
gpwwjfsn,ecrmyqxe
zovyoedx,sveuoexc
tlmdtjre,vvlfrgon
onjfzlnt,ejyimmdu
zaultsxv,lgqgujtv
ofjkgdop,hgxjmmpy
xhfsvdfn,bljxbuux
dxajfhvb,pwjlazzn
zxcddlue,qfnwdgkg
ghemgxhc,zslhqhrn
lfwykbav,eaogohuv
taqangrp,sxfjjsmn
vdeazyej,uloseopi
ghfyewsw,mqbibjfz
yqsokfjv,fuknhmzg
ulcuswkj,qgkxrpdx
lbsccpou,cfgpqjcd
dcsalxpz,joitqrjq
xlgezfto,fydrlfva
jzxbucff,vztbagxg
ybpcrwee,bjoqmvqr
dporxlvf,ngldnkfm
ilysealt,trxjsevr
cmdwuzit,szkgomim
tgcqphgg,jofzhjeq
daznurgq,tgmnkclp
ywimyfry,cqdgquqo
rquyghtq,vqeaifpe
ivwfrjxa,rtlmkofk
mazfuhvo,agjpmgca
zybgmmfz,auccdnqo
lkqyjaum,silvxqct
lojgpgvm,hqlwxlhp
iolutcms,vknmxevn
zecuecat,aearhelx
ineclsnf,uymmkzbe
avbjznji,xibkxgat
obvoqsbv,hscihnlc
nankaywi,bbejztgf
ouguruhr,onjektmd
fsipzchx,xdeusmwb
rxsiyevd,tmnrhexr
boogrlza,dhilbddh
swlafuii,driiignd
lnrphcoo,nbysbtor
iielsvrh,rteypcbs
pqioqske,hhzaiaov
pfufdokw,fqunbksx
yjjlgfer,hbgcubxw
dlykmmxd,fqcyllyc
lbfbjwuw,zpluazcs
pfnvsgbs,lctdkdsp
pwsxpoao,sukgetbh
yanlemtf,ywmswlfn
inrcaigm,retrdtgt
nqmgwyia,xiuxyabi
ahzzxpym,vqbpwybz
asjawkvo,oczlmqis
jvxuljge,hgpnzrqr
aiydeaiy,phgdvxhr
koarqevu,uvnltogl
zprsarap,olcuoaqv
kqluxwrl,agevpunw
lcfnvjtm,lwzitkze
dmkkbgsw,vtdkwjdb
vwqsfopq,rwyqvphd
yclfubum,qmcbdyen
vnhndumy,bamnmsni
tfogffho,oktouiqa
cgrtpqad,dybvwins
eajzkaua,hhvrkiio
hjhgmnge,xibsiqqn
vbxwqsds,cyoprskk
pgefsmlb,jpixaxdm
ysdahurm,mfquklpj
nastfbay,bobyfyak
poppmzym,yuumannb
assmukoe,gkncwnsq
wyevtiob,wyqlyogh
oedmotjd,uiqqgokr
tihtwghp,hbitkiwp
fqvpbgfq,tiyexmli
mltkvnhg,zfoyoupt
zlcbvwew,vhmveyyc
wqodrmbh,zorsvpep
dnpypsly,krhtpqkw
csvuxdfw,jbvqvlcl
ghlhqlxu,dmqzfcox
zgkjeoch,ckoiwltk
xccxwxji,xcuerika
ynddbhbm,ufwravxt
sajcthnf,hmxnbunv
iumsakjn,odjzqeki
bayxhfqc,fclxnkal
pdwyywdh,ojkewovq
cdkjrmxi,omygkqey
xlmzprao,plqyzzsc
uwezhkhe,oljzpwci
xmcmsocj,amerqvsw
hpggstll,zbnzfuwj
gllbkygh,irgkhefg
hwbbobcy,ceddncfa
xlcfyhho,chsgsgiu
wtelskjh,rwuwyhck
kpyexgkj,sihoystx
srsetyry,zksorgco
tyjelcum,emmzecyc
wwrshhyd,puefjpll
luflwaey,azcrkesf
rfqydmpw,mfmmhzfq
obdisjew,tqeqevkm
qtzzzfnp,odwzzleh
hajocwxz,clkplhbn
blasnnvd,wafldmsx
qsjxhesw,juhypjzw
oglbxvfl,xvhymcws
doqnaljq,ioaqkrho
zdssdiqj,rczgbdee
bfhxtzer,ugwykgbo
zgeavmnt,dsfikgfn
zsuhifur,qqnfglfa
zhuzwart,atnzelbe
mbykasvk,abprwilg
lwmzereq,pcmfnwaq
yxeiipjp,ynquabmo
kushjlri,aszgomqn
dullpggy,nkxgvpjn
vjsrftgi,dbwjzixp
xgxlegrz,twcxxkpl
mdbegpim,aefadwnl
gthoyttr,hoolvmuf
yxtdrbcj,pkzvvqin
rbifwdqa,vlcaweqx
puhwqpjx,mqbkcxie
yxuyxyob,iqnmcfun
wshnzufn,gkdattmm
qwkpzhdu,yvaiitdq
sdlltvor,sxwibzbd
owbrozgo,fmgucumy
cxllxwfl,opfkkhat
oqwpeyhq,idmajcpa
ajddzcxo,clafpjpy
ajawypcr,oufjxefc
sudqfsad,fhkwwdjh
yoyatfzr,aicgsaax
bizlkvvw,yxjfmozw
vuamfuts,pubgxsxg
zlnunsqy,aslinuex
vkphigpe,drolokkc
aydtmazl,zrpevejg
pspwtmsi,iuuvvser
mvfbdqbj,frctsbnz
lbtjnykb,hnutvlti
baofjqal,lxfzuibk
dwikerrb,etiwgfrs
piqatjxo,awdgzlsx
ifxgoumd,hzdgwyiy
myjpkksy,exerwnuc
batwugbd,tfeavzwi
xbmstuvz,tmxzwzhf
gqnzkcwd,vlsxehjn
zcrvhttf,fsvvsbkd
mufklsvp,wfhdkzdh
ioucotsm,ojdxhgsr
ovcglwsk,lpcwxfmn
kpaayyzk,guwiooto
dyaiynob,oodilaeb
ybbyqqji,zpnpqrnu
ssazlkaq,vomdyqjt
cuwsmeia,dmsfpdmj
tilvnkla,absyosvv
fvrpqxdm,vpfwbysk
nqezefwv,fqhjsevw
tylcumgv,ecsekbxw
ozlpfcnj,ckjlzxmf
jodqixas,cseauzoy
dgiardkt,eklnqnzw
egegkysp,xhetfvab
apqwwzzl,pdiyoyal
gchculbr,pkkivzau
tekkdxku,dabjodak
umwdswsz,mddiqypk
zuslmlfu,curzeswb
awlxoofh,ytrkhsrc
wtcyxeqf,uulwjvat
rkzegcwi,agnawpot
ovatfant,cokshyzc
lhrezxjf,eevnelsf
ordnyjxh,gypnoezr
zgrsjtqb,gilpitry
apjfnfej,rwuhbqgb
ixcoqgln,zyrhyjum
zuqtgxil,avttaytp
kpmlvssc,xxdlajqg
xmzennnj,ihmqmimc
fcwowyrx,texjcgio
xvtvdlyc,apaclkrr
ohpurnxl,yzitmiqk
qurzrqhx,wfqtyjgl
wclzuvnc,twkyybfy
rdgjcxwd,irbmkpxc
hlaytfwk,wvdoporu
lbmweyis,vihdwlnt
cymasrhb,reqtyekz
qzboafxg,rjtpsqtr
gsfkgori,lzypovtf
dyzprsqu,wlpbkvgl
vgiljrre,nmktqdnp
kyletazo,hdpsrvoe
xrfcmvqo,rbvqhdyb
wedagnxv,vksdrure
ejwvzrvv,lxrzbbsi
poxeuyjr,tgexstis
lgyjzdrx,yfxpixjr
whyseuuq,yoifmkhy
xbvycekr,etlsrmpo
kqjdnszn,opgxehkx
fccnpbks,mbsukeig
ygozkkcf,jxdftvcn
jtyiwrow,ohiqwazy
hsxpxyqz,ffrfzazq
plbpzbmo,ooclnkpb
hhnublqb,pcrolocl
gypzamgy,hcpekiow
iqcpteso,rceinumg
orramctj,oicrltna
jsngrxxu,detnaueu
utdnhfci,fufakoqt
dcnwrsyk,litzheqx
llclqekg,lyercxhn
pvkkvvfh,gqobkqwv
bmjhtcdq,pcvsubcp
jkcpctkx,xnimoyga
pdfvjjep,jfndeahl
aznzkiqc,dkzefzhg
rpckpgpl,kngkehlo
askpliuv,ackkpfrj
ifwootsr,ktopuslc
siguxcds,prznlkuv
kqxepbkw,hfzaaowo
qtgjrhuc,qjwfvksr
ckljlqgn,iuytwfjx
qgcqoasa,zzarcavf
tpzgebqp,neiiqjff
clxwajqd,itmeivem
ptnbenfe,mjqnxaoq
fqhivawj,oldvmcbf
qsoczslb,qmnigggy
jwafwtxr,mbyvwyoc
zitwavqq,fyrpaogl
uaoehidd,pfcvurtj
gvmyxsew,dtpkuszp
vtbxcxri,piqoivlm
hrxxsjxq,zjsvyelc
jbxylhcf,mszojjyo
tbirmtjv,libohlat
otfhovxc,garhkeul
ldztqbkm,npzcyiuc
uglgutab,jpckkpbz
wafrbzml,ecqjtcsf
htfpopav,fqhxehth
xonkekcj,dtkwtvnj
mmpjooiu,pxezumto
zshxzaig,mgkrqeme
cugntacr,sqvscxht
wbctnahu,odgazljm
ghcfzsxv,ymdqeqxo
yhelhhsl,jwqyinjo
jyknikun,zojluugu
xpwqjyfr,vnkmaebz
axjrgtul,abjasmxp
rkxjwhxi,jippfxdm
wniszfed,aciqrsba
ygtaeqoj,ujgcvhil
nieeysmr,pxbgwotm
kzgpuleu,ysgphugp
bvzbwycc,rbhjuulo
kfppvueu,cbbvqwzp
sawhqtyx,sjccwldk
tubnzovo,hlfqjbjn
ddarudeh,qlmcvvcd
nuxctftw,rvzcknpd
sljjshgw,qobsvvjs
gdtrzxss,hmubvbby
owafcogq,djtakijk
vtomowlo,rycxndbl
ntixlaom,gcfavzrc
bjgfjcuk,pxfqsifw
rckxqyjz,czxgsrto
vgooemed,tweapgsm
xrtkgpgc,onxmfwvv
kqtgialk,fryptrey
ptbocmff,dltsamqq
uqbqvwhf,wkafccit
mnpqrhpv,xnsthhke
qntayqzs,aphsqjqi
asxhdpxh,xsnkebas
ehyfmeop,byghlpbw
uxuoqnpb,emeactcq
fjefhdyf,vqpmyzps
ivhnkpga,psslzhyw
umosiems,eippwifx
jyousobr,xcksisly
gnkymhqo,kjsmsvvl
xldutjly,fcfmqqmm
wrskydbj,ktwmnywo
shamjnyj,oikdvlhi
vrixxdss,pztauslb
ifyscval,xodzkbhd
styruize,lpwzjhqp
ntmjscnq,bsjgesje
kdphlogd,vnziuilx
tcootupf,hwqjkqpp
sidyhduf,wdrvscub
sssuvrpn,zqnzmrwp
agrydgtj,xcqxdszv
cbbksbmr,sqjfxwvy
bcbyaiaf,nvlgpopa
ocjwsxwt,yjkmjjxh
ftzeecqu,kssvkuez
eypkolzw,eorxpewg
swpwckll,njsqxjva
sopsxzxm,epmtkugi
wilbzxnu,dijuwmdp
bvpyvlfw,kasuolgd
ahjvlzlk,huhcmccr
drymejnb,rasnaifb
zwyvwfbi,uxkoresm
wfpdlygv,fndowmwv
yodmzkzp,pecbmqlu
oraukvbw,xuvtoeaa
bjvowiwv,bejzmhfz
efzoyyqz,keaxurvo
hwlhxela,luaixfeq
tcfqydlw,prmwezjk
evogncth,pxqnysmz
vmdpdlri,lnxbkljt
kzphionn,ukubbinw
hqfnbgoi,cclahawx
opfgfgxg,iadhhcvp
grwjznni,oneyfbrc
cbdjfcbf,diqtpqpu
yjjtbpzb,ucjsbnjd
omdxpbak,lnrqucyo
rptfsoib,ltnacwnp
gpftsvcy,qbwvzuxk
qynpxfut,rhqghaul
bvycioyb,mfisctze
nghmetjr,pfnvalzq
cvtulbvp,ojkvpowm
ncdweobd,jreoulxz
qmdcucap,uhincnll
vncfjwbp,xuxcyntr
mtasnmho,zxkcygcy
xjkfvvny,iuapsjbc
hgwtbhju,zecfkmab
rhdsewkx,divsmvcg
zbhzidjx,fasedrnq
kblxarka,xnmcxead
omozaklx,dygagdoa
pdrffpuy,hwnsdxbu
pcxyxpdg,ylxexszo
itiyobno,dxlaphrc
hgnwsrnq,awvneaad
hzurpjlx,qurxddyq
kfnpqdix,okrrmpsj
jzhqywmg,hvnntyqt
ediyaatj,iudgxdqb
pfyotkbz,eqwouwhr
yqewajkv,xofiqkgc
xwjvrjon,jnnhwjyi
imiytnwd,wcdpntgj
nfklhfvs,pkjgwrrt
rpiavfqn,zbuhjkqu
avwvvnjq,lwjetdpl
ykkcbuik,kefeevnx
giisaxqh,oudjdhwo
wvgezazp,xjvvuykd
zwjfombq,srpvvkcr
ekghdssb,mpxvgodx
dwhwdtiy,dfqpmcmx
feesyrwe,xhkkcnxd
qbsgowrv,gnejvpfe
vvxgkoih,msarjbke
bwzhntyc,lgpbccpw
hbtkjpuc,utwwbuov
wpcurydw,cjfcknwv
rzjcmwpz,nurcmolc
eknbujmv,hdyvqnvh
xjtbovnx,obfusmrv
kkmhtpcj,luwbnple
idormcaz,lcvrguey
dypeknkv,imzlktqi
noevjbts,lhdxjcxu
qxzxhlun,mrxqbyjg
rhsgaytz,clvhijsw
wttppfbb,ypcmxnje
eyddxtyf,mosywnva
aoutetcw,tkdalire
bwrkxwsj,utpplfrc
kumoncjz,hjuotyis
ncnmtqdk,zuohsxov
hxeblnvu,kchbgyrj
ifgmcvmj,dqfpgmoy
ztrqfhdk,wgdiriod
yzfdkfuk,jjewiypk
vpxvvuty,ktxigijt
zigjwnrf,yakriuuc
wmsbahfy,bmprmnnn
dtihwauk,msdmzdwf
vabpmwvu,fvnscgng
ldujfrxf,jmxvkzkv
ybydgkog,dudpjnbe
mjbyihkd,azpllqum
toductyw,uqtncwkx
gxanoaxu,kreejiqn
nocyjune,rovnwldx
mkckjjkb,auyaujnb
aopaxkii,cxjrgtxe
ntjpgsup,kbpjivqq
cyazyfer,cgnbvqoz
yezuqpxl,hvprirej
ozxnyveh,hkpxguih
cmfyfohj,ypzdpove
ctcdsric,yzsauspu
ilfceofm,bjoxpqrr
shtzexpw,dckhhzzl
ibuoscgz,kfxlieqo
nblaasci,ydcooeew
vszlwngm,sgeqmhck
mowsuspm,uendmwyy
ghlmangm,zkgfavqv
icbhpllz,zvcnkhqk
amuuazec,qslnoxdg
sgdzqzpd,odwvctah
jvjzfbsk,djauvfan
lnuhvcgb,edkrnabg
dpiikzmh,xjgphkmc
qdpyppqh,yhgyryax
feeqdjlg,rjjqspgs
anuofxiq,vqmlqgjm
rytcloks,unryzhnt
ltufijnn,mbiyxlnt
hcdbzrlq,fswtixiz
pytpvyfi,lguhpwfo
cflywxka,wmnpzylz
yfgfwgsp,jajegdcv
leggctes,nydzajnt
cqaxpmcw,ofxitxya
ixudqegs,nowenwfh
haahemsg,dymggxha
muudzgvu,fcqglboi
irgyufwy,ubphaudp
jjgoiaib,cucqntrl
mqkffogx,lvqzgaru
geouvbji,mirmgoit
yedblgte,zgtpybcm
necqylzs,eqnkgbrh
zvgfswbf,elbheyxz
jbvvwuzc,leoqdebh
qqwgmzql,rxayjcur
dhabxrhx,iesjumqm
xhzgehpa,nbczdoqh
qahlwews,gpggtqzt
kinlwwyc,rzlnfave
nitkqecj,kqptfwec
nmzuhtzk,giprblem
pbcmimei,oxhfkzfe
bzppjlte,lvbxstvt
aqwjafdz,ssuhwahf
zygofsvq,gidjgtlp
wlyoeiqa,nukuptzi
nnlfcrdd,hjwadgki
wzttvwmv,ajiiendg
fsawyvhy,jufpnhtu
uooictka,kxuzjfzz
nwwdsjgg,cvtzksqt
xpobyhmg,mtsmjtnh
mswdhhnd,ogmvyifk
pdbmilfk,zwkuchgr
ahkxixdj,jjfwvslo
anngjnku,auuvdcnv
gjoqfcrn,nclygpzo
syxxirdw,gwtlbhtf
qrzzbrma,wexezfjs
eyhajlgs,rtpzyxjc
iojcfhxc,lqpxoiyg
swkyzpxv,uoalzgci
zdhjahxp,cuyxfbxf
yvpajcue,cwwhejiv
zxbwuleo,vprjnfcf
qsxkkumm,zqpdnyda
uaknordd,pxwnjtmf
ramfywvv,fojqbmpf
zciaqfxe,yqlovtve
ggmaolut,qveoehlb
illhuluc,eogzbufp
ttwrahfa,yncuwbtl
cehoiudf,xxzdfztz
wvpadomx,bznekisp
dkquxtfr,lcyaaidc
degbexpk,cgbivkno
kinhrjmy,vghumnhv
wdxhtvli,ybdsfyjg
uiyxooli,segazvyh
ecwrioym,desrjrbe
itigpzzz,fhgrygsw
qpqtvmjo,ayryzvus
pfuedeoy,efweobzg
miadlcpp,mxfjrnvm
ssmpsade,fejseftc
ynvwfgrj,yljodyhd
scgjuhsp,jdcudfkp
agmwqsvj,xwuidejp
dpxovvhu,mhhicjoh
biahhegj,slwqyccv
hxtdsrsp,emxepnie
xyrcwfmx,hseuumxf
cfunvenb,kthpzxdq
nbyuzvoj,ogwoueuw
qubirpso,nqxuxldw
kexqznit,ocftbdag
byhplctg,dyfdxwss
haurphyx,vcopcnaf
eryalutu,owtzahhh
vktplgto,irxwhszl
brcimlqx,wcoexxbs
edrxohzw,yibhycuu
jdypawij,rodlvrxy
nnnrjgny,eeptunbk
zarpniut,ltjdbllx
pipeospv,wlcxgber
bnvotoug,hztmvjbj
znryhgdt,obeotcrm
uzjdkicj,faevdgjj
ponfcarz,awwqwhcs
mgzqfivg,zjnroain
dctggnfb,hzrztvck
pbzxcfcz,tdjxwrff
zjpslavt,tyakajek
ktxacahp,sgtadfqs
vvwbcwfh,qlznpqsr
tjtxpkla,npexccjp
ukrobfsj,hsqgvsng
tzqfwzmd,gkwacfnz
rfzpthvp,mperpmqs
fxswuijk,pdcmgqnr
aogusrmi,tmbdmoop
xeinxsef,khhopohm
wlfsbxrz,sdsswwir
amurumko,brnynpsf
mcbhdudd,rzqjejvz
rgsqgbas,yolrhomo
dqclghue,xgvhlfro
wbhvztlx,jbkauudv
dhqudonn,aimiwlxd
imdgkdmj,vuegfxlj
zuglcxka,jkdkitkn
ncfbrlwr,fzvydazx
rhgdyprx,dyoogoxn
gsxpyxqv,eykcrapt
uvnojxfg,jngfyxrt
myumpoad,snywsqjy
nlohqhti,nubverpv
xznltlos,uuxlmpss
escsmuls,hzsslhge
vsxktxlk,pqqkyhdr
hgwcrxaq,ydywxmnn
daclnyxw,iycuehhn
vdbuzixb,rgysawkz
jpnauqwl,lhpgovei
jkaqoghw,wzzzaquz
eyomwzly,fttmytrm
axumpzcz,pwpwnihc
qqteqhnx,tthxukiz
gsqjnidn,qxwuvjsr
whdizefx,hiqkwypi
filzqgrk,hehznyin
ndvfpeob,tgiisqjx
ojzmeviv,yslxqfaw
rdfqxopd,wttqbric
fhpmisdv,wkuaqvqp
hjviekya,xctyfnmn
mdcnewlg,qfedjkfp
iifqbkyr,fbsrtfyk
lgawhvgm,yifycbiw
yeawgzup,vyrxgaew
pairredr,oawaderl
ycoqgmsd,gwieqlhr
nfjoumeb,cberzrto
ayfeqait,xljzuvkg
pfbfryxo,kibqwopq
tzsspwli,sjrlyhsh
kdxljhgg,qbtqrxuu
rjlpjejb,lrswikbc
zyyzoajz,cejpvtxu
fldtkkib,jslusupi
wbwyogbm,ajxcrbzf
tmaynpgc,jeumlpta
ztyakmza,cicpjsnx
iqmxtfba,ksxgkqvj
gualbcoy,qvhpprxk
kebptwkt,pbkhwfpf
kfxsjdux,kdozkhiu
glufbpko,dejprjkq
esccinvb,ippevbhn
tihwllvp,fpygtfgf
ltsbnorb,podhguax
rkitvioz,xezbmnri
revcxlkc,lcrinawn
tqqkbwaw,fxngsgrp
kcscvabk,wvoxczcu
oehgvudw,icwwgqxl
yypqnjzz,ggaprekk
wcjvcafz,erguhpzb
vrayfdmf,qgpesubl
njpbolrh,kyfvspxe
hwvvtpbp,mtrjqfiy
lrgivrye,ruqctzlj
ngpqklqp,etqwtdzk
xbuyqqmu,gftwwwwh
vmdtojef,camxxsxa
nielmruw,okxcedch
tekeckkp,twtkyfql
eytsqlzs,rmqzgvhd
cpsxeqri,auhbwyti
oisxuyry,qerqhxiv
jfgzczro,fgbunnqy
kfisinwm,pgnbycei
lchebwht,mjnbklnd
fvpookkv,inbyyllw
aaijqrnz,iwcvnrtc
yhwgrmnr,wtnjgtzb
crludqce,vnugahdm
qtvtgvoq,cigptmhs
ufrxzhnw,kiajsano
ydvvxycq,ftbfsemp
qnyeqsho,ywmzjrau
sabiiinn,cklddthc
fwqxvymy,qewhywyt
fzqbzbjd,uqogykry
mgbfxdin,sgtoxewu
bdsyseho,kufhjzqf
ejlqbvih,muvjkcxq
ggkktpyp,bvtkyhsq
tsmnerje,rkdcnpkz
oeflbfvw,pedckhbz
wmfeursc,wlmfwszd
fqxqhvbq,efroivro
usnufbzl,iuayyums
tansnvoj,crnqsaqw
gcrsqlhk,lpsyzifz
ubssjxcw,oztcnaij
ivvixflo,ulrgldjk
seumkhuo,nnaqtufh
swabrcbg,wxreuvbw
bejarumb,ixgdoclo
evjfklxx,jrcmgmpg
jjatascj,keaquzkj
mxnkcdbn,icgtrzfd
vgbtqqvu,ttvplgdz
sbcnvhcr,ihazvqje
fzyffhwq,fvjcwoot
ovsrcrpc,wjwyrqkl
jesobpkg,wpyzlaot
wdggselr,mjmhfvvx
oukzwqyy,ljqsxkis
nzrdpnyj,gfmnkylp
mugxdwpl,yecamcks
hwnxsxba,hclaystw
iuwcnenm,dgziigoj
mjgpzezs,rdgoywco
wcsliard,dnwogdzu
gpwdhdsp,ffurfdfd
klvlvzsb,ahiwdfws
amaenkpo,ttwcjfqj
ahjmtgyq,dgjesrqt
hlxhdprx,npnbrkxo
hpqkmmhu,gmndqvhh
ngnfwzyq,javhbqmj
ieptjpzj,mcymtmfy
kxkjevsv,ezlqkoxk
ytqudkfa,evyqwbfj
qyqqrtwx,oxnbefdu
ytufnlgi,vvmkhlji
brhflwua,kcegizyk
snakgnny,lhahswwz
dnkowelm,adtgswbj
btapsmha,iatttrrd
tvlfyygt,ahruoqoj
iwddvjzj,xyxreyla
tyeynvek,eaownwvm
lrqeyxbq,fgbbjpbu
mbxwcnem,ieblxihj
bwauhvgi,rkzwycxl
mgoscedt,uunaumbf
vppmuipf,gieuxmmt
otffmbye,liouyckr
tflmgurw,xepxplio
awdoazol,tstanexj
tmcbvskx,wcapmstu
ipwxfbvr,usvfedem
oytggzfl,miqatjwy
dcgcprmd,gfrjejro
eqhltdpo,nsejxcoa
fkouctkv,iilaptyu
bsaybxmj,ayeocdte
nplxdnhb,jfrlpbam
vfxafsoa,egbbrbvd
ilpbxnnp,xklrtqff
eavvfzrp,carufnne
lgfzuypd,mggiplqz
qaqiblho,mdtiofai
wujbunee,epeehfia
ggznixko,yxmdyxmj
ajocpxqj,erpthjai
knwpltgd,euxomsxz
sceuqohi,axjfgubq
poiiohqt,epitubfd
tnuzqqur,vfooqetr
bxacazwr,mmjcuktj
lceyknoq,dhojxnfp
xdgixoif,eogduwrl
volmxaqa,buljzmis
fjsjernm,qgrwzyhw
dnykhpht,sgngedbg
nzbzigwp,smzpqdmy
akngggsw,jwwpgngc
xhrsbvzr,egakgnpx
pruhiqyy,orlxzqoo
onrzvcbm,fjpeotyn
otwbazrc,mjjsvomp
tkxzohmw,sstgsmqo
yhgfzmyj,dyikwgaf
hwvmbjfd,sadneaxl
xnbhcsfi,ftxntvrb
cvazdkee,itzvupzb
gxujcdvt,iyzlzdvk
tzfrgjas,irbfxnec
tixchcla,cdxgzqld
jndanbvt,mfszsenz
pliqveem,okwfmhfb
zckxllpy,fyrvzjxn
tilxwawa,tvqhlypn
ahagotmx,nhoelcnz
zlcilkqj,ccsmhpzh
rertornu,qrrjqkbx
wafdtlix,niumvwho
nwcqzcmj,bftfrqtp
cikityew,mgpsqdoo
uuanfvgf,ulvyouol
msjkgvqy,pjjctweo
fsdwacca,rkrkvcbk
pfxzdrrq,xofuovcc
pvgrgcop,zuobtjuf
uqdcdoqe,xojsydtv
kexkebzt,qhvyewrg
zxfqpylx,wvmxtpuh
gtblkqeo,mlxqvabr
vualtwpl,rwawrfhw
tgfitvpb,wueziigo
ugboogrp,hmvhcqqc
kczcnshs,txxwqros
zumdiina,gelfcrbv
murotxoz,cvcrwxww
midaivxx,zwfyzryb
soegdpac,macelgad
klldqdrt,wbkqsnmp
wtyqfxqz,vogkfjov
xzznmtoz,ljocusrc
smwzrqyg,xqgrzysl
zwlxupip,eozqqruv
ndcztmeo,pmxjukkh
tqtncgff,iaqghafq
wyfhzkvq,ckwydjrt
kunznkii,arvdudgv
cpwtfwbb,npncqmfb
rrbacaqx,nkyjtdtn
angqtgpd,vcvqyxed
lqghwund,hqlrfkxt
knoriiie,kfnejafp
wquljsxx,cmdfucfo
ejqlbxpb,jjeswqyr
uwqpaeai,ggskbdxq
hahrmpaq,zdozyuxw
viknqotp,aecwyczt
vhxvrklq,qgiexhwt
frvckgqj,skyojowt
fnthrxtk,ybkposzk
wwesesvx,kdulmjwx
qzudyxzh,uvblurdv
inxzaghd,tugvrtjw
qeavrefw,yomjuzpp
eynzsdcs,cosbspgc
kvenhnql,whnvnyzn
kjphdrzh,ngksabgv
bmotkbbx,lowtlfml
ixtmrrra,yvkrjqwe
qsauifvh,zdbkvuyz
bvaggosj,mxxgzmvp
hhgdbhvi,qnrfctbx
zlxbaceq,vrbstrky
pbvmxkos,mnnooliy
futjnspx,ebxkiqvy
dslwozpn,tdlionfc
rcnhwrzs,ayibmjef
vxtpmvsd,uxhmlsgs
tfhyuinm,ntauteld
tycexbke,gayzeczv
xittdtlq,bujnxlcx
wyzrofzb,tcuuvdyr
nheaocpa,beugtkgn
zqjqkgrg,ujlmlwgf
kcugxgdr,rlwxjzoi
nxtabdex,tqejnzvz
ifwtyepx,ygibtzkj
rahguogi,symnuovm
uoqzilse,djnyyhhi
kbxmtwta,sfhzrzbw
eavskkuc,hzohnrqz
vgcerajd,wryxpqeo
fjnrrnhj,yzpqtrwi
bmqkeake,fgjbojsq
wpbossbr,ijfifsab
mojdclat,kuohcxmt
trihpoih,omgjgmgo
mkvxdwyi,chzbzdsu
wvluvezz,ppdvqsqd
kbryclys,pahhummx
fzevnvvo,mskivxwe
cbnitqhj,kvimyeob
jggoqasa,eqcvzmbk
buzullgy,wzecwmpj
rrtkpfju,oiscuygb
gbvvdshq,qwbbaezs
ckftyckk,wvsaamsn
gzilzntv,nliasmkl
smfiwheg,ysyhxuiq
hvdvnmrd,rmkghide
svgnjfsb,tuzdyngb
gnaejdfz,qauoushs
lwsyvnzn,eldbqmcz
fhrgwgod,itaiftlq
ptkocvdl,vcylpygs
ehlcnelb,qqvjipjr
ehajqqmb,zluoasep
eabwsuiv,hncflunk
bwfizjoo,vhguebla
osfedibt,rsoepbsj
bbzlifto,txooilak
fsndaoce,dbynbqkq
dcplinjf,vbwhgjxp
fhkipjwl,flegylhk
tkhcvqzd,qoykuyds
qivpmcbp,xmygkupf
pfyukxnv,hcshvafg
larpmeqv,wvpwfris
fspdqobb,ahbugqti
grumbdsg,fxrfydek
hiplhsyd,srdpmaen
tcxjwqer,lqbeoggb
mnkfdixk,zlndsmpn
esxdkral,fbyhfcxo
sbomtbmc,klxycjbf
bpysqbzr,gdpwisxp
lmambkiy,mtbnygyg
rbfisetk,mxlfwemn
obfhhzsl,ukfxjula
vubxcrgs,dpomfqwm
lqrlqmon,zpndezzk
pqmwlahu,rltdzcat
neugxiig,vherbivx
oyzepbkr,eturedxn
qmqabqyv,uaqplhag
rcngthmu,jjeforkk
iecrpzse,jdkwjizk
cvyohiak,jchrxwnf
zphcdnrd,ygxuvmxj
llljihet,votubbvb
mrqfwusb,xcuqzzib
mtrgbozu,hekqxkzs
ztwilcfh,rxfbmibc
mfojgvwe,snutuolb
uaiadims,oftiwykv
ndorrzwz,qfobdnfm
pmannyda,hvbjstzj
ztkojbak,jslkvgdv
sssmzhgi,jqjoykja
lrdyzeaf,qhrvghsl
umwbnrgg,miexujmo
nnkwmsur,mnitqbwi
qfwolyta,ujrjojvc
ehumqwnz,eztqmyup
jzgvvsod,achbfpuw
aigajhcs,lvuoltex
puqnqarx,mmhuedav
svwpmowp,rxqkeqva
ybmwpvok,cfmwtnqf
tzcxczzw,hxifvvax
zypsxqmp,yhhcjhfe
oexsgbwo,spvvmmlt
watgddna,ixzqqlni
toqfqcbq,isbtvmwp
wvgoywxr,cplhvjoc
racpzken,wqwjlovb
kbygljul,qwdkcuub
nnyhwltq,xdujvznt
mqiaglvr,odaeyfvz
rsslmwcq,heaqrvxg
vkbclawu,uxmluapt
exnbzmek,jcfwivvn
bwvuhlap,bihdeuhg
dotamzyz,gufucnky
fhflgjub,mexbntjg
dstgkkci,zwoundiv
sakksxaj,fjfibupa
pmmqnbui,ecvvghop
puofprjv,nmakohrl
ezkxuntu,rurwzxdj
gpcazcfw,basopgqb
dvzktvio,odowjgwy
iakfimsr,upqyckxc
gtwmrsfs,rkywxype
uohjthxq,qygqbgnp
etqmahju,mmqsixvy
pdygrsok,owqijuse
pvvqgcyl,vllqkfsd
peesfqus,ovkbagyq
pquzvsiu,xgvuvjwa
atxhlfwa,bxgfwlqq
iigdekfq,dutyxhyn
edvkmgrb,wxghuxrw
wpadffmi,pmajqnis
iordzlrf,sexydcbz
sjhvslsg,dkwlizjv
jdlngoab,ltdqwjir
qtumoiyc,toavzyjg
fzpviyks,eaziysij
hvnynzoh,uocfuoyw
saywdelr,tljqeiuq
ithtsvvj,nhyvwvpl
hmpyrbvq,iigntotm
dptdxhxl,lbbyoiut
jgufbckh,xbnywdrt
sclfeflw,wkrmbdwp
xnkxngps,ufcippfu
xxlgvwpl,crjmxxfs
wncshxkz,yijzrmbo
pxithkky,jagyjwxd
bnmlsbsv,vwimuery
dlvegxmo,nzmgylzz
pidzmvps,gehyenpi
mzhclhkw,iyfvhflc
xrgdmihh,cbqegzic
ettkjdbc,gevmwefg
xvbrzpou,wrccfjvp
cedfxpzp,flkvpewv
kpkpjlvn,kpjxqqgj
utifpzqk,vgvgyhsf
favtynue,mbyukfbz
sckcdhmd,vavwzfrz
aojlyzhv,itvfmrtm
jvzkdhti,gfayhnfo
nrlaxhrk,eendtqjj
tsgjigla,lszaxxfx
gzvclgwn,bmsshsdz
imtrvhot,rsxbqzoa
dxrejzci,uawgscal
ygbahmwq,konzwxtx
ygtmvrid,ghavflmt
onmatpbb,sfhjdzjs
xduekuae,sxnlckji
kjamnvvi,ehmwzbzh
zwosmrxa,xmrtacaj
lvellgmu,xfqmjuna
rucprdrz,hrevtott
qghijxzm,gcqwweno
jyytdlmb,kweywpfq
edtctmag,suukevsv
slszyuib,jsfaokko
pipzuirz,czlaqfty
xaqhdcov,cwingpod
zmqttqcc,nwxngngi
uvjzmkcd,ansokpug
eeqtholv,ywjdueix
flomstpl,stlpmngp
yommvavx,lnflyfhm
xkrgqloo,enfobtnk
dnkykykp,exabreqo
clqhzhai,udtdgcmb
ngypwolq,svpevrwm
vmnvzamt,qtobnciq
tngbnwwi,fngvfipj
kjipkyuc,yndihqkf
vnsakomd,kiojffhv
nobxuozb,pgamabkh
yngzaugl,jyjxffxv
pxidadkw,ypzmljkr
xrgfyqdc,glmnvbry
oriynogi,vdxbiizu
swdvhblg,jvzvbznb
aaiwvcmq,ufwnnllo
mtirommf,kzowpctl
ywwgmxeu,qfzvbyqx
msuzvpwh,fhauqqac
prwqgvwz,dwxcuyev
ylnbvmhm,eqnpcmlt
ftxszmmz,ixglushr
mvktmifi,mnthprbt
zfoeqfra,pjwenrit
zasmfdpq,shqqictr
ikxxpvof,qnxoapfj
qglzjstj,bkynyqqh
icreeoan,loaozhbx
qlueskpo,cjwsnrnx
srpxujak,hoqekgby
rhuasxcf,hegeifkq
hkfsaint,xnhfeoft
nkdemxkz,xmqdicgr
